edad,ingresos,score_crediticio,antiguedad_cliente,deudas_actuales,estado_civil,educacion,aprobacion_prestamo
59,852189,509,0,571525,Soltero,Postgrado,0
49,1072361,569,16,984507,Soltero,Tecnica,1
35,797362,512,10,841010,Soltero,Tecnica,0
63,935423,678,9,3245287,Divorciado,Universitaria,1
28,1044755,541,18,3350597,Casado,Tecnica,0
41,970026,582,13,2676837,Soltero,Media,0
59,885794,661,9,3775240,Divorciado,Media,0
39,1334933,669,14,232938,Soltero,Media,1
43,1172591,509,18,4500836,Divorciado,Universitaria,0
31,774271,705,3,4284857,Soltero,Media,0
31,527092,645,1,3103432,Divorciado,Universitaria,0
44,991587,491,8,4672698,Soltero,Universitaria,0
56,864758,467,9,0,Casado,Media,0
60,1312698,598,10,1213327,Soltero,Tecnica,1
44,1096247,685,13,897044,Divorciado,Postgrado,1
23,1029261,687,6,3082218,Soltero,Universitaria,1
42,803885,635,14,424788,Casado,Media,0
22,537290,604,18,3136242,Soltero,Universitaria,0
44,740611,651,14,4055804,Divorciado,Tecnica,0
64,943048,514,7,3042804,Divorciado,Tecnica,0
50,300000,768,10,2425626,Casado,Media,1
58,1172514,767,8,518189,Divorciado,Universitaria,1
22,1420113,642,14,729723,Soltero,Postgrado,1
41,300000,619,0,3874428,Soltero,Postgrado,0
53,379935,558,0,3169023,Soltero,Universitaria,0
32,868898,652,18,1941470,Divorciado,Universitaria,1
42,625225,530,2,1373135,Soltero,Universitaria,0
64,878271,377,9,0,Soltero,Media,0
45,778497,328,7,393721,Soltero,Tecnica,0
69,492854,520,14,4867128,Casado,Postgrado,0
47,1186521,615,9,79316,Divorciado,Media,1
62,939354,633,0,2284219,Divorciado,Universitaria,1
48,632077,551,17,3511165,Divorciado,Universitaria,0
36,1251507,614,1,117615,Casado,Tecnica,1
35,647478,572,18,2277065,Divorciado,Universitaria,0
67,427447,500,12,3406873,Casado,Media,0
64,855053,594,0,2018748,Casado,Media,0
23,905947,681,1,6302604,Divorciado,Tecnica,1
57,959575,504,15,0,Soltero,Media,1
27,1008905,504,14,3588092,Soltero,Postgrado,0
41,954837,493,12,1740797,Divorciado,Media,1
29,942648,406,15,3157880,Divorciado,Media,0
59,627873,551,16,2661960,Casado,Media,0
38,595776,671,6,900265,Divorciado,Postgrado,1
24,1022709,617,16,2343494,Casado,Universitaria,1
45,873036,583,6,0,Divorciado,Media,0
34,1046073,612,12,2904871,Soltero,Tecnica,0
29,300000,551,4,2447237,Soltero,Postgrado,0
46,649764,405,16,2957990,Divorciado,Tecnica,0
22,1372105,678,2,3587177,Casado,Media,1
40,965759,707,6,2551429,Soltero,Tecnica,1
48,888665,527,16,2222134,Casado,Media,0
67,1012377,584,6,678397,Divorciado,Postgrado,1
27,1462535,576,0,931668,Divorciado,Tecnica,1
64,1399414,635,16,3780101,Soltero,Tecnica,0
28,326143,768,16,4154503,Divorciado,Media,0
67,436849,715,10,1642834,Soltero,Media,1
55,315976,562,2,2069004,Casado,Universitaria,0
34,575867,654,14,643078,Soltero,Media,1
37,816475,725,10,3759135,Soltero,Media,0
56,872604,640,15,2998125,Casado,Universitaria,0
60,340856,599,8,4911826,Soltero,Media,0
24,300000,644,0,682515,Soltero,Media,0
22,570562,529,15,1432988,Divorciado,Universitaria,0
26,1074851,544,8,2347168,Casado,Postgrado,1
62,1127108,493,18,2969734,Soltero,Postgrado,0
24,1311747,630,11,1676498,Casado,Media,1
49,790300,586,18,690558,Casado,Media,0
38,1048446,517,8,3322111,Soltero,Universitaria,0
46,1102968,583,6,3081703,Divorciado,Universitaria,0
64,650942,646,13,625588,Casado,Postgrado,0
54,916353,791,18,4033164,Soltero,Tecnica,1
30,997611,701,18,3755298,Casado,Media,1
56,527252,371,1,2201444,Divorciado,Tecnica,0
34,1292628,623,8,2119396,Divorciado,Tecnica,1
51,788356,742,12,2831086,Divorciado,Universitaria,0
68,826110,466,14,707445,Soltero,Media,0
35,515797,655,2,2045047,Soltero,Media,1
28,566172,576,10,0,Divorciado,Universitaria,0
34,300000,715,13,3314683,Soltero,Tecnica,0
43,816546,640,7,0,Divorciado,Universitaria,0
60,1551706,511,17,4255129,Soltero,Postgrado,0
41,494414,579,18,1504819,Divorciado,Media,0
36,1692859,585,15,1682499,Casado,Postgrado,1
65,1224275,587,1,1058399,Divorciado,Universitaria,1
38,657923,711,7,1567941,Divorciado,Media,1
67,808179,515,5,4127797,Soltero,Postgrado,0
44,759469,700,11,0,Soltero,Postgrado,1
46,1311849,569,14,3915448,Soltero,Tecnica,0
45,955104,622,7,2507035,Soltero,Media,0
65,1154592,607,3,189467,Soltero,Postgrado,1
61,907451,597,14,387031,Soltero,Postgrado,1
49,766408,598,19,4514589,Casado,Tecnica,0
35,897927,745,16,581739,Divorciado,Postgrado,1
65,677916,684,12,269974,Divorciado,Postgrado,1
21,364338,563,17,3705971,Divorciado,Postgrado,0
45,1044106,758,1,2507829,Casado,Tecnica,1
27,349650,627,12,593111,Divorciado,Postgrado,0
29,719349,635,12,2324937,Casado,Postgrado,0
44,668040,516,14,461370,Casado,Media,0
21,993006,550,19,3651232,Casado,Media,0
64,1269411,531,9,3592056,Divorciado,Tecnica,0
28,1161491,608,2,2798009,Casado,Universitaria,0
44,1001727,663,18,2542491,Divorciado,Media,1
31,611038,636,2,4641782,Divorciado,Tecnica,0
37,744959,758,13,1999529,Soltero,Postgrado,1
28,701217,511,7,227188,Soltero,Postgrado,0
55,658915,611,3,2674210,Casado,Tecnica,0
55,679264,471,19,5129070,Casado,Postgrado,0
53,671258,507,10,477860,Divorciado,Postgrado,0
25,657972,726,10,1457805,Casado,Universitaria,1
62,1085564,553,10,2624669,Casado,Postgrado,0
59,483608,519,1,1919142,Divorciado,Media,0
61,581157,387,16,526544,Casado,Postgrado,0
48,324977,518,8,3682786,Casado,Tecnica,0
27,1224644,579,1,5480061,Divorciado,Universitaria,0
29,561049,464,14,2294197,Divorciado,Postgrado,0
28,998232,573,15,643897,Soltero,Tecnica,1
32,942595,727,3,0,Divorciado,Media,1
54,1195651,529,7,2386963,Soltero,Postgrado,1
53,736994,505,8,3655816,Casado,Universitaria,0
68,515738,487,4,2712751,Divorciado,Postgrado,0
43,333275,485,15,1996394,Divorciado,Tecnica,0
44,300000,653,12,1116092,Divorciado,Universitaria,1
57,848405,604,6,361754,Casado,Postgrado,0
55,1032641,695,19,3252126,Soltero,Media,1
64,941506,801,16,3370657,Casado,Universitaria,1
60,341070,416,2,0,Casado,Media,0
42,1111647,638,4,4384758,Divorciado,Tecnica,0
47,590535,488,18,2861106,Soltero,Postgrado,0
55,527928,678,11,4099391,Casado,Media,0
21,583810,572,6,0,Divorciado,Tecnica,0
55,823522,602,8,0,Casado,Postgrado,0
57,354589,471,5,1776546,Casado,Tecnica,0
67,788889,557,16,2754176,Divorciado,Media,0
34,928834,608,15,4694541,Divorciado,Tecnica,0
23,1132197,735,2,3059118,Soltero,Universitaria,1
21,852786,520,3,1635978,Casado,Postgrado,0
25,398111,544,9,460446,Divorciado,Tecnica,0
46,844667,694,4,3845000,Divorciado,Media,0
34,481922,514,9,552941,Soltero,Postgrado,0
59,464616,714,11,4442702,Soltero,Universitaria,0
47,391188,599,9,1573423,Divorciado,Postgrado,0
29,300000,630,12,4385873,Soltero,Universitaria,0
35,629851,636,10,3018396,Divorciado,Postgrado,0
35,1138666,538,15,1794506,Casado,Tecnica,1
46,1476945,638,7,1220905,Soltero,Tecnica,1
62,627924,522,7,1488638,Casado,Media,0
33,1125831,549,7,2642475,Casado,Universitaria,0
52,681625,655,12,2115734,Casado,Media,1
59,304779,629,1,1109282,Divorciado,Tecnica,0
69,1010282,592,11,1751552,Casado,Universitaria,1
52,870444,474,9,2117865,Casado,Media,0
24,1345405,499,11,0,Casado,Media,1
50,339596,627,10,2687252,Divorciado,Media,0
57,1638809,673,14,530418,Casado,Media,1
43,1277515,489,15,270001,Casado,Media,1
59,794622,516,16,0,Soltero,Universitaria,0
65,710408,613,1,0,Divorciado,Media,0
35,585257,611,17,0,Casado,Universitaria,0
63,832919,437,11,936468,Soltero,Media,0
49,744819,616,18,4929888,Divorciado,Tecnica,0
56,954138,540,17,1211180,Divorciado,Tecnica,1
33,711690,764,16,2266625,Divorciado,Media,1
52,1224489,624,5,2600722,Divorciado,Postgrado,0
27,837513,642,14,2196597,Divorciado,Tecnica,0
42,722954,644,2,1883834,Divorciado,Universitaria,0
48,1107285,478,5,207059,Casado,Media,1
22,313242,794,2,4176391,Casado,Universitaria,0
62,902296,437,0,4710794,Casado,Postgrado,0
65,807671,679,12,0,Casado,Media,1
26,376744,661,13,463957,Soltero,Tecnica,1
48,300000,552,12,1580284,Casado,Universitaria,0
48,1103103,666,3,553193,Divorciado,Tecnica,1
64,1088837,568,6,2758948,Casado,Tecnica,0
64,851767,532,9,907591,Casado,Media,0
40,1314997,646,6,5247584,Divorciado,Universitaria,0
50,932290,499,14,3785822,Casado,Postgrado,0
31,1174941,577,14,2318861,Casado,Tecnica,1
48,926097,540,3,3540479,Casado,Media,0
45,717257,566,5,3658850,Soltero,Media,0
59,482740,643,19,1154078,Casado,Postgrado,0
53,618969,540,4,775674,Divorciado,Media,0
21,722863,580,19,2117214,Divorciado,Tecnica,0
47,1208945,549,11,3292454,Casado,Media,0
33,1030975,744,0,2208590,Casado,Universitaria,1
61,899095,634,7,0,Casado,Universitaria,0
23,1061002,622,0,795763,Divorciado,Tecnica,1
59,958215,668,4,1889040,Divorciado,Universitaria,1
26,878581,540,5,1886501,Soltero,Postgrado,0
28,350402,685,2,4958813,Soltero,Media,0
47,1141747,634,14,0,Soltero,Tecnica,1
29,662446,443,4,2758383,Divorciado,Postgrado,0
57,1126562,457,13,4233669,Soltero,Media,0
53,1155563,542,17,5407174,Casado,Postgrado,0
62,598988,467,15,1393403,Casado,Tecnica,0
64,1084914,576,5,2737144,Divorciado,Tecnica,0
44,691703,498,13,2854640,Soltero,Postgrado,0
35,693490,590,7,2293222,Casado,Media,0
52,877241,741,6,1851732,Divorciado,Universitaria,1
52,885341,595,7,2653963,Soltero,Universitaria,0
44,811565,569,12,0,Casado,Postgrado,0
61,399713,638,5,3023104,Soltero,Tecnica,0
69,763566,530,17,2189266,Divorciado,Media,0
69,1483543,684,1,1666287,Soltero,Media,1
32,300000,649,7,5070293,Divorciado,Tecnica,0
59,1060922,603,10,987598,Soltero,Universitaria,1
22,1117137,615,0,1395386,Casado,Media,1
23,392495,804,5,4987329,Divorciado,Postgrado,0
69,659168,694,15,751908,Divorciado,Universitaria,1
57,499784,819,19,1174827,Divorciado,Postgrado,1
69,1356189,653,11,1779461,Soltero,Universitaria,1
37,1130907,452,10,3261101,Soltero,Tecnica,0
69,1145427,573,9,2311703,Casado,Postgrado,1
22,836194,429,2,61061,Divorciado,Postgrado,0
22,1193627,652,12,1201747,Divorciado,Tecnica,1
48,797529,674,2,1088968,Soltero,Postgrado,1
43,1207747,511,14,1884168,Soltero,Universitaria,1
57,755391,534,15,2638765,Casado,Media,0
52,596227,614,12,2627308,Casado,Media,0
53,1343285,480,16,0,Soltero,Tecnica,1
21,793745,472,2,3595911,Divorciado,Universitaria,0
39,530360,723,19,2378853,Casado,Postgrado,1
22,527109,611,10,4076798,Soltero,Postgrado,0
64,528026,544,18,2666297,Soltero,Media,0
46,1053332,430,10,3651984,Divorciado,Postgrado,0
52,770341,685,15,2699817,Soltero,Media,0
26,1489387,531,2,4019338,Soltero,Tecnica,0
52,1155853,786,5,2783375,Casado,Postgrado,1
24,877141,685,13,1853127,Soltero,Universitaria,1
31,1221169,519,17,5408652,Soltero,Postgrado,0
37,651347,528,16,3333555,Casado,Media,0
58,300000,772,3,2860616,Divorciado,Tecnica,0
44,503125,591,14,85543,Divorciado,Media,0
25,844162,548,10,67538,Casado,Postgrado,0
54,733237,602,2,2439073,Casado,Media,0
26,1047324,548,2,2218281,Divorciado,Media,1
42,762615,624,15,1078816,Divorciado,Tecnica,0
31,1024410,592,4,2211474,Divorciado,Universitaria,1
68,1250291,687,9,4382940,Divorciado,Postgrado,1
36,761691,561,18,3043103,Divorciado,Tecnica,0
53,966543,511,3,288487,Casado,Universitaria,1
29,300000,565,18,1832736,Soltero,Media,0
26,762831,564,10,792550,Divorciado,Universitaria,0
36,430412,592,1,1418450,Divorciado,Media,0
49,843568,663,9,1379576,Soltero,Media,1
23,870799,657,10,1283531,Soltero,Tecnica,1
40,869802,719,19,117296,Soltero,Media,1
56,655963,518,15,1808517,Soltero,Tecnica,0
39,1489540,638,18,1159088,Soltero,Universitaria,1
46,419593,672,10,0,Soltero,Universitaria,1
23,401256,532,13,5079458,Casado,Media,0
39,1296493,579,1,3633154,Soltero,Tecnica,0
40,588716,425,4,1435548,Soltero,Media,0
52,516592,690,4,2028228,Casado,Tecnica,1
27,1490873,578,18,242518,Soltero,Tecnica,1
61,1095716,680,11,4543584,Divorciado,Tecnica,1
53,621660,620,17,4845933,Divorciado,Universitaria,0
60,865252,581,3,2235040,Soltero,Tecnica,0
59,1383761,440,16,3535295,Casado,Universitaria,0
38,1007486,458,9,2262930,Divorciado,Tecnica,1
60,1185844,340,19,0,Casado,Universitaria,1
21,1041440,543,5,1382264,Divorciado,Postgrado,1
31,1079076,827,13,2197891,Soltero,Universitaria,1
48,811922,471,10,1318178,Casado,Universitaria,0
45,803404,336,10,1672020,Casado,Media,0
43,880115,696,17,1862900,Casado,Tecnica,1
51,1020335,836,17,1878682,Divorciado,Postgrado,1
50,715005,629,10,2078387,Divorciado,Media,0
62,836616,628,11,409092,Divorciado,Tecnica,0
55,706896,569,4,924475,Soltero,Postgrado,0
27,834705,420,8,73123,Divorciado,Postgrado,0
36,424701,454,8,3466723,Soltero,Postgrado,0
46,1581793,568,9,0,Casado,Tecnica,1
68,580117,549,18,3730385,Casado,Postgrado,0
69,691561,588,0,4079524,Soltero,Postgrado,0
22,554220,682,6,1546729,Divorciado,Media,1
21,984712,541,3,0,Soltero,Universitaria,1
68,741199,684,0,1458034,Casado,Tecnica,1
32,510857,542,14,1903723,Casado,Universitaria,0
25,997065,703,7,484102,Soltero,Media,1
57,1037494,608,11,1227172,Divorciado,Universitaria,1
52,779937,556,17,4295292,Divorciado,Postgrado,0
29,600912,606,14,2997390,Soltero,Postgrado,0
61,1457319,570,16,613153,Soltero,Tecnica,1
55,902020,611,13,0,Divorciado,Tecnica,1
39,417779,675,13,1509474,Casado,Tecnica,1
68,1224212,591,17,1679814,Soltero,Media,1
36,543267,563,19,2744298,Divorciado,Tecnica,0
23,1622563,487,17,1197024,Divorciado,Media,1
40,823897,657,15,2767249,Casado,Postgrado,0
44,1103994,634,0,4902731,Casado,Universitaria,0
53,300000,481,10,3223251,Casado,Postgrado,0
44,414757,683,14,1927867,Casado,Postgrado,1
31,1200157,480,11,1725274,Casado,Postgrado,1
69,895344,702,7,1464990,Soltero,Tecnica,1
28,1412718,668,19,3770961,Divorciado,Tecnica,1
56,945552,641,5,1059029,Soltero,Tecnica,1
58,843588,562,2,2067834,Soltero,Universitaria,0
60,1314072,657,12,2076796,Soltero,Tecnica,1
40,1103041,707,12,1247323,Soltero,Media,1
55,741121,659,1,0,Soltero,Postgrado,1
68,471768,532,4,2484461,Casado,Universitaria,0
45,300000,626,16,1908494,Casado,Universitaria,0
55,668700,713,5,2750360,Divorciado,Universitaria,0
45,444099,819,1,1199599,Soltero,Universitaria,1
49,1579311,579,3,3831231,Divorciado,Universitaria,0
38,604888,685,10,684839,Casado,Media,1
66,596687,713,7,4568060,Casado,Postgrado,0
38,343626,518,11,0,Casado,Universitaria,0
22,720104,778,7,2652155,Soltero,Postgrado,0
55,600639,493,10,2713146,Soltero,Tecnica,0
36,1321318,680,19,806664,Casado,Universitaria,1
61,850542,630,7,2636590,Divorciado,Universitaria,0
56,797340,605,7,3919278,Divorciado,Postgrado,0
53,759598,850,16,0,Casado,Universitaria,1
24,1035852,569,19,2754117,Divorciado,Universitaria,0
53,664301,568,19,0,Casado,Universitaria,0
34,1000161,733,15,551502,Divorciado,Media,1
41,1284190,676,13,4443749,Casado,Media,1
68,938022,728,10,1127326,Divorciado,Universitaria,1
40,725080,611,6,239180,Soltero,Media,0
28,513962,631,15,1703093,Casado,Tecnica,0
27,717462,790,12,5101859,Casado,Universitaria,0
23,968923,516,14,0,Divorciado,Tecnica,1
37,340241,589,15,423035,Casado,Postgrado,0
53,1049462,679,8,4246147,Casado,Tecnica,1
68,862283,580,2,4786553,Casado,Postgrado,0
32,755243,542,18,1844853,Soltero,Universitaria,0
42,602175,661,19,141420,Soltero,Postgrado,1
42,657086,733,4,5143765,Divorciado,Postgrado,0
66,979191,585,9,4391663,Soltero,Tecnica,0
50,761536,583,16,3018420,Divorciado,Tecnica,0
58,649658,535,14,781396,Soltero,Tecnica,0
58,940569,570,7,1926455,Divorciado,Universitaria,1
65,952456,708,14,1759459,Soltero,Universitaria,1
28,425247,608,13,2496276,Soltero,Tecnica,0
47,971444,519,19,4176502,Divorciado,Universitaria,0
47,1550509,626,6,3319125,Casado,Universitaria,0
54,940886,705,11,383935,Casado,Postgrado,1
41,300000,543,16,4064744,Soltero,Postgrado,0
50,853212,467,16,2469698,Divorciado,Tecnica,0
53,300000,819,9,3030598,Casado,Universitaria,0
48,1750211,462,18,4199811,Divorciado,Postgrado,0
67,1470702,564,13,332629,Casado,Media,1
53,600218,623,10,1946261,Divorciado,Universitaria,0
25,300000,572,1,1202818,Soltero,Media,0
68,536488,592,17,0,Divorciado,Tecnica,0
39,745702,657,6,2520064,Casado,Universitaria,0
24,300000,360,11,5767334,Soltero,Tecnica,0
55,779293,473,1,0,Divorciado,Tecnica,0
69,743726,604,19,1951579,Casado,Tecnica,0
37,837546,559,17,2960814,Soltero,Tecnica,0
64,868893,612,5,2184617,Divorciado,Tecnica,0
48,510314,622,9,1830307,Casado,Universitaria,0
50,543975,388,19,51175,Divorciado,Media,0
49,813677,727,14,2349180,Divorciado,Universitaria,1
66,610702,550,4,864854,Soltero,Universitaria,0
26,1072248,513,19,0,Soltero,Universitaria,1
55,810768,620,2,3791888,Casado,Postgrado,0
61,1359500,610,4,3437578,Soltero,Postgrado,0
57,1046144,719,7,2077491,Casado,Universitaria,1
44,1131114,627,7,2343612,Divorciado,Media,1
49,839769,715,7,3611477,Divorciado,Universitaria,0
69,847208,506,11,2336509,Casado,Tecnica,0
66,1319396,614,7,3356026,Divorciado,Postgrado,0
51,686512,488,10,1553776,Soltero,Postgrado,0
55,964033,609,13,3967975,Divorciado,Universitaria,0
53,720128,588,7,2481178,Soltero,Universitaria,0
41,719409,584,9,2291077,Casado,Media,0
52,449331,585,6,94908,Casado,Media,0
43,577245,673,16,2430433,Divorciado,Tecnica,1
53,521519,439,3,752067,Divorciado,Universitaria,0
23,978310,510,12,1042575,Soltero,Universitaria,1
38,1112061,595,3,776936,Soltero,Universitaria,1
45,771573,482,4,400647,Divorciado,Postgrado,0
62,868888,604,3,5187157,Divorciado,Tecnica,0
51,754258,594,17,3997008,Casado,Media,0
23,556767,459,5,4880551,Casado,Postgrado,0
60,1058678,454,1,165657,Casado,Postgrado,1
66,995760,337,10,2106880,Divorciado,Postgrado,1
44,300000,477,13,59738,Divorciado,Postgrado,0
52,715067,601,4,956457,Divorciado,Tecnica,0
67,535391,615,5,622809,Casado,Universitaria,0
42,682718,620,9,3859376,Divorciado,Media,0
43,598870,522,7,1405655,Soltero,Media,0
22,786073,598,13,3602569,Divorciado,Postgrado,0
47,701025,639,2,2906181,Divorciado,Postgrado,0
62,694657,473,11,5455458,Divorciado,Tecnica,0
22,1132216,612,15,0,Divorciado,Postgrado,1
46,967153,665,16,3888849,Divorciado,Media,1
37,588831,550,0,3719661,Soltero,Media,0
60,633335,706,9,539931,Soltero,Universitaria,1
53,947537,553,9,3510700,Divorciado,Universitaria,0
29,947125,513,1,2504217,Casado,Media,0
63,618865,655,8,1658785,Divorciado,Media,1
68,729802,803,12,764096,Divorciado,Tecnica,1
59,1354041,608,15,921335,Divorciado,Tecnica,1
49,624035,663,17,5074718,Casado,Media,0
62,1373241,549,18,2001024,Casado,Postgrado,1
46,1131100,475,11,3173195,Casado,Universitaria,0
55,1317624,616,7,813650,Soltero,Media,1
45,611278,632,16,830220,Casado,Postgrado,0
44,749433,564,14,3622977,Soltero,Media,0
33,665250,663,9,0,Soltero,Universitaria,1
27,1138025,534,14,1377179,Casado,Universitaria,1
56,629694,509,14,2051041,Casado,Tecnica,0
65,1019364,706,6,2167058,Casado,Tecnica,1
40,1003489,706,12,1731360,Soltero,Tecnica,1
21,785591,536,16,2593729,Divorciado,Tecnica,0
28,1189597,771,8,3039283,Casado,Universitaria,1
66,832303,571,7,3101956,Casado,Postgrado,0
36,1050225,608,19,521294,Casado,Postgrado,1
34,651588,591,17,1573767,Soltero,Postgrado,0
32,582968,652,12,3792144,Soltero,Media,0
43,1019343,627,15,3341970,Divorciado,Tecnica,0
35,929252,625,8,0,Casado,Tecnica,1
48,872992,498,11,2527219,Soltero,Universitaria,0
54,696893,431,11,0,Divorciado,Universitaria,0
22,1264762,714,5,2070402,Casado,Media,1
52,465024,545,18,4846650,Soltero,Media,0
43,448597,595,6,578160,Casado,Postgrado,0
42,1082649,632,2,748515,Casado,Universitaria,1
45,1058028,762,15,3146044,Soltero,Tecnica,1
42,906128,616,17,0,Soltero,Postgrado,1
42,713614,560,15,1050867,Soltero,Tecnica,0
69,950726,547,6,2894661,Casado,Postgrado,0
62,1316249,596,3,1048571,Casado,Tecnica,1
26,1554663,509,7,1646045,Divorciado,Media,1
35,303075,602,12,3116278,Casado,Postgrado,0
63,674323,594,12,2632319,Soltero,Tecnica,0
57,655468,764,16,2400227,Casado,Tecnica,1
53,1287955,591,16,1491316,Divorciado,Universitaria,1
28,300000,407,4,2555091,Divorciado,Postgrado,0
64,954150,850,5,1814400,Soltero,Tecnica,1
64,722956,695,18,2686708,Soltero,Universitaria,0
25,1291433,808,12,1254601,Divorciado,Tecnica,1
59,1250311,484,13,1726146,Divorciado,Postgrado,1
24,909652,577,3,515063,Divorciado,Media,1
26,326083,667,6,1947488,Soltero,Postgrado,1
65,627833,653,7,783498,Divorciado,Postgrado,1
52,660682,630,12,328930,Divorciado,Tecnica,0
50,402063,380,5,2387991,Soltero,Tecnica,0
67,1146375,428,5,2319109,Casado,Postgrado,1
55,363972,751,2,3174310,Casado,Universitaria,0
60,1389598,769,2,1353311,Divorciado,Universitaria,1
36,1388846,589,12,2612079,Casado,Universitaria,0
33,684481,739,1,2826196,Casado,Tecnica,0
62,898548,497,15,2667160,Casado,Tecnica,0
50,778314,520,5,761519,Casado,Postgrado,0
39,1070547,489,7,2224045,Divorciado,Media,1
37,1182403,515,7,2546210,Casado,Tecnica,0
39,877399,672,5,2010767,Casado,Postgrado,1
48,940735,513,13,0,Soltero,Postgrado,1
46,613818,823,2,2240734,Divorciado,Media,1
57,931014,646,9,5318796,Soltero,Universitaria,0
46,848828,708,2,1459941,Soltero,Postgrado,1
43,526461,648,11,907884,Divorciado,Postgrado,0
29,795788,721,16,2560022,Casado,Postgrado,0
32,685045,513,4,2468567,Soltero,Universitaria,0
21,617151,744,19,3789102,Divorciado,Universitaria,0
21,456052,614,8,113197,Casado,Media,0
67,818750,720,19,3097070,Divorciado,Tecnica,0
54,565857,456,6,2885633,Soltero,Universitaria,0
52,658667,618,3,1786780,Casado,Tecnica,0
68,1122537,614,12,2508030,Casado,Tecnica,0
45,989634,538,12,3544186,Divorciado,Universitaria,0
60,506370,631,9,3308473,Casado,Postgrado,0
65,905567,753,17,285471,Soltero,Media,1
21,839834,530,16,3230237,Soltero,Tecnica,0
36,1310508,696,19,1902967,Soltero,Postgrado,1
59,1214943,487,19,2109311,Divorciado,Universitaria,1
25,339875,810,12,2109795,Casado,Tecnica,1
42,1058338,678,16,1774635,Casado,Tecnica,1
49,1179559,772,3,3787561,Casado,Tecnica,1
23,967807,667,0,1874423,Soltero,Postgrado,1
32,699376,639,0,320680,Casado,Postgrado,0
46,1524018,679,14,1409705,Soltero,Postgrado,1
36,995422,586,12,2268042,Casado,Tecnica,1
57,1392963,438,16,3843822,Soltero,Tecnica,0
42,1205443,644,7,2904642,Casado,Media,0
49,939240,524,17,724197,Divorciado,Media,1
34,626089,489,12,5727784,Divorciado,Postgrado,0
48,792768,663,13,2397162,Soltero,Postgrado,1
25,733426,572,7,3913086,Soltero,Universitaria,0
67,435644,702,7,1772428,Casado,Postgrado,1
69,995084,521,14,2800038,Casado,Media,0
50,1270205,552,12,3259202,Divorciado,Media,0
66,710508,715,6,3827292,Casado,Media,0
25,1449096,627,4,3586052,Soltero,Tecnica,0
32,332725,452,16,3308295,Soltero,Tecnica,0
36,1116309,625,15,1527369,Soltero,Postgrado,1
46,1301456,748,1,1142380,Soltero,Universitaria,1
46,738790,552,17,2498911,Soltero,Universitaria,0
68,744183,659,16,3399692,Divorciado,Universitaria,0
41,1112829,515,6,1665918,Divorciado,Tecnica,1
59,951797,586,12,3597757,Soltero,Media,0
56,300000,708,17,4178925,Casado,Media,0
53,546988,621,13,625518,Soltero,Tecnica,0
50,795935,728,17,744618,Divorciado,Universitaria,1
57,389090,642,12,1789437,Soltero,Universitaria,0
43,657747,821,10,2461419,Divorciado,Postgrado,1
30,396594,443,15,1213149,Divorciado,Postgrado,0
25,688948,578,16,4028304,Soltero,Universitaria,0
56,699013,491,7,2636100,Soltero,Tecnica,0
54,905526,498,18,2059170,Casado,Universitaria,1
51,772472,499,19,0,Divorciado,Postgrado,0
30,950836,616,14,26276,Casado,Universitaria,1
39,915063,622,8,2421513,Soltero,Tecnica,1
52,1109401,642,19,0,Divorciado,Media,1
21,1062134,487,9,3518956,Casado,Tecnica,0
25,1030437,567,11,1762769,Casado,Tecnica,1
65,1731460,503,19,6864639,Casado,Postgrado,0
24,904220,693,0,5461874,Soltero,Tecnica,1
36,1578071,512,19,1727826,Soltero,Tecnica,1
44,923665,578,8,1840494,Soltero,Postgrado,1
36,775144,656,14,3493372,Divorciado,Postgrado,0
22,688050,538,0,4554758,Soltero,Media,0
69,1252917,669,11,0,Divorciado,Universitaria,1
48,1292151,759,2,0,Casado,Tecnica,1
52,979935,618,10,1066947,Casado,Postgrado,1
47,1140064,690,1,2874106,Soltero,Media,1
40,416833,392,15,2745310,Casado,Universitaria,0
44,335366,557,8,3604657,Soltero,Postgrado,0
32,1173898,618,14,200453,Divorciado,Universitaria,1
55,761956,494,11,0,Casado,Universitaria,0
53,1024790,620,0,3287021,Soltero,Tecnica,0
53,584813,705,12,757705,Casado,Tecnica,1
63,1297096,412,13,0,Casado,Postgrado,1
57,337874,481,7,2217595,Soltero,Universitaria,0
32,384324,618,7,3189763,Casado,Postgrado,0
23,1233293,646,11,1816914,Casado,Postgrado,1
21,300000,673,0,1313227,Casado,Universitaria,1
53,913570,611,10,1760956,Casado,Postgrado,1
60,767802,646,7,1444125,Divorciado,Universitaria,0
30,579214,690,9,0,Casado,Universitaria,1
63,740018,558,18,927978,Casado,Universitaria,0
64,545742,539,10,2781919,Soltero,Universitaria,0
49,1262676,583,6,2482517,Divorciado,Media,1
33,1341349,619,10,2252089,Soltero,Universitaria,1
32,594278,534,16,507277,Soltero,Tecnica,0
51,882657,560,0,1727745,Soltero,Tecnica,0
66,402477,639,7,0,Divorciado,Tecnica,0
22,1121915,615,5,2267714,Soltero,Universitaria,1
55,1114102,581,17,4143286,Soltero,Tecnica,0
43,711421,425,5,0,Soltero,Media,0
37,805065,599,4,1121108,Casado,Postgrado,0
46,771870,502,12,2493660,Soltero,Universitaria,0
28,314462,698,18,3879263,Divorciado,Tecnica,0
49,1263801,569,7,1327663,Divorciado,Media,1
46,569914,500,8,961624,Casado,Postgrado,0
30,571955,593,16,0,Divorciado,Media,0
46,754874,727,2,2155157,Divorciado,Tecnica,1
54,1098664,663,18,5063114,Casado,Media,1
61,622609,621,10,2416037,Soltero,Postgrado,0
27,300000,467,16,1966581,Casado,Tecnica,0
24,533900,762,18,2483123,Soltero,Postgrado,1
65,927242,537,1,1983361,Soltero,Media,1
31,1456925,693,7,780478,Divorciado,Universitaria,1
49,422024,567,18,3234919,Casado,Universitaria,0
56,411049,683,6,2338642,Divorciado,Universitaria,1
45,346221,730,16,2026419,Divorciado,Universitaria,1
41,308982,664,5,536950,Soltero,Postgrado,1
56,1161707,675,18,3955261,Divorciado,Universitaria,1
30,1248406,590,5,2997054,Casado,Postgrado,0
57,853326,556,1,1170618,Divorciado,Tecnica,0
29,659686,613,5,3502737,Divorciado,Universitaria,0
44,1337343,566,4,1253643,Soltero,Postgrado,1
55,852172,846,18,826994,Casado,Universitaria,1
69,1126831,500,19,860445,Divorciado,Universitaria,1
55,645065,700,3,0,Soltero,Universitaria,1
68,813273,651,16,2707313,Divorciado,Postgrado,0
56,428797,622,10,0,Casado,Media,0
38,988774,747,3,157334,Divorciado,Universitaria,1
69,857281,629,12,0,Divorciado,Universitaria,0
59,531631,536,19,1870895,Soltero,Tecnica,0
52,535667,629,16,1774519,Divorciado,Media,0
44,1284787,581,8,1509955,Soltero,Postgrado,1
43,1391500,650,3,436133,Casado,Tecnica,1
52,736059,681,13,241649,Divorciado,Universitaria,1
57,820326,514,18,2696554,Casado,Tecnica,0
32,920034,719,2,1174172,Casado,Tecnica,1
69,844409,574,13,2474537,Divorciado,Universitaria,0
33,300000,644,7,672126,Soltero,Media,0
43,928361,661,0,2271594,Casado,Media,1
45,300000,636,9,3954917,Casado,Tecnica,0
55,580194,589,17,2879248,Divorciado,Universitaria,0
61,951628,551,15,1381379,Divorciado,Postgrado,1
50,979998,573,7,2385798,Divorciado,Tecnica,1
37,556978,756,0,1639002,Divorciado,Postgrado,1
69,662468,513,11,2011820,Divorciado,Tecnica,0
40,621849,528,7,1511583,Divorciado,Tecnica,0
68,769146,523,15,1753497,Soltero,Universitaria,0
45,791961,613,17,2318140,Casado,Universitaria,0
42,1000540,447,3,509961,Soltero,Postgrado,1
33,644930,464,5,476181,Soltero,Postgrado,0
39,912018,573,11,0,Divorciado,Media,1
69,952104,471,8,0,Casado,Universitaria,1
56,859486,479,14,174075,Soltero,Tecnica,0
32,722118,471,15,2239193,Divorciado,Tecnica,0
61,854193,515,11,660818,Divorciado,Media,0
39,1025522,673,13,2770421,Casado,Universitaria,1
32,1051755,695,12,2052070,Soltero,Tecnica,1
29,1344611,791,1,0,Soltero,Media,1
27,502992,788,2,2982463,Soltero,Media,0
48,667997,678,9,3216197,Divorciado,Tecnica,0
34,315959,702,8,509205,Casado,Tecnica,1
51,1079302,613,19,2630287,Casado,Postgrado,0
39,699647,651,7,715252,Soltero,Universitaria,1
67,861857,794,9,2146505,Divorciado,Postgrado,1
36,618698,637,18,103252,Soltero,Media,0
25,701988,715,2,0,Casado,Tecnica,1
55,1166957,506,4,1425774,Divorciado,Postgrado,1
32,1008270,533,2,1814406,Soltero,Media,1
45,766543,631,15,1403480,Soltero,Universitaria,0
41,1030344,614,16,223954,Divorciado,Tecnica,1
56,1036970,538,14,1400151,Casado,Postgrado,1
43,682572,840,2,2403942,Divorciado,Universitaria,1
36,359276,617,11,1932660,Soltero,Postgrado,0
59,530251,555,8,2273751,Soltero,Media,0
65,397841,615,11,994827,Soltero,Universitaria,0
62,1149330,602,14,3757576,Soltero,Postgrado,0
59,1201434,618,1,235739,Casado,Universitaria,1
34,1275912,440,17,2731340,Casado,Media,0
51,300000,729,19,3772836,Soltero,Universitaria,0
25,1121420,734,11,2721362,Casado,Postgrado,1
55,1463657,747,3,1696213,Casado,Media,1
43,1133596,632,15,1207554,Casado,Tecnica,1
49,300000,666,15,3554131,Soltero,Postgrado,0
63,1330489,513,0,0,Divorciado,Postgrado,1
31,812506,683,1,544813,Divorciado,Media,1
38,730280,625,2,1403663,Divorciado,Media,0
67,935328,553,19,3856480,Soltero,Tecnica,0
32,485297,686,16,2569651,Casado,Postgrado,0
29,800834,690,19,547931,Casado,Media,1
30,1286128,606,0,1534538,Soltero,Tecnica,1
64,986719,643,19,1078515,Soltero,Tecnica,1
37,817520,496,5,935316,Divorciado,Media,0
58,826882,724,14,3468334,Divorciado,Postgrado,0
27,445581,510,13,0,Soltero,Universitaria,0
66,755003,529,19,4413171,Divorciado,Universitaria,0
33,309711,606,14,3242344,Casado,Tecnica,0
60,1106732,711,13,3636292,Soltero,Universitaria,1
62,300000,711,4,1305590,Soltero,Universitaria,1
29,1056470,599,5,1775088,Casado,Media,1
47,1093823,677,16,0,Casado,Tecnica,1
22,1195629,431,10,1213006,Casado,Postgrado,1
25,826057,528,15,2740482,Divorciado,Tecnica,0
49,1074988,530,11,3944094,Soltero,Media,0
57,752076,725,14,339264,Divorciado,Universitaria,1
58,443990,665,3,1451741,Casado,Postgrado,1
39,1259219,618,17,1773051,Divorciado,Tecnica,1
28,770934,628,2,0,Casado,Universitaria,0
68,377146,756,7,2887023,Divorciado,Tecnica,0
65,659955,582,2,914014,Divorciado,Postgrado,0
21,671802,468,7,1706914,Casado,Tecnica,0
42,938509,708,17,1322075,Divorciado,Tecnica,1
37,1504114,618,9,815992,Soltero,Tecnica,1
27,956725,695,19,1989432,Divorciado,Universitaria,1
45,862053,595,16,1676585,Divorciado,Postgrado,0
65,1536732,516,7,1442213,Soltero,Postgrado,1
24,1093668,640,10,907307,Casado,Universitaria,1
56,876274,601,4,2479287,Soltero,Universitaria,0
26,656176,618,12,4480425,Divorciado,Universitaria,0
51,894860,761,4,2209830,Casado,Media,1
39,780082,490,12,3494177,Divorciado,Tecnica,0
64,827430,628,5,0,Divorciado,Tecnica,0
59,1194320,518,4,2236642,Soltero,Postgrado,1
47,637903,340,8,353947,Soltero,Tecnica,0
30,954062,595,15,0,Casado,Media,1
46,1084681,603,1,890942,Casado,Universitaria,1
39,601366,662,0,3787849,Casado,Postgrado,0
59,553213,578,7,3425023,Divorciado,Postgrado,0
23,754897,451,18,2364507,Soltero,Tecnica,0
65,661511,517,10,0,Soltero,Postgrado,0
33,1145699,731,11,1705579,Soltero,Universitaria,1
48,499469,516,11,2452550,Casado,Postgrado,0
40,820541,758,6,2263304,Soltero,Universitaria,1
48,1563814,704,12,0,Soltero,Media,1
28,923916,568,7,664523,Soltero,Media,1
61,973787,527,8,1903883,Casado,Universitaria,1
59,1148204,704,6,2804436,Soltero,Tecnica,1
21,661115,575,14,0,Casado,Postgrado,0
23,475574,445,1,1756814,Soltero,Tecnica,0
33,852953,656,19,2214573,Soltero,Postgrado,1
48,879621,641,11,3274417,Soltero,Media,0
69,314536,713,0,3039286,Casado,Media,0
45,912521,634,7,2873856,Casado,Media,0
53,1120955,545,4,800089,Soltero,Postgrado,1
58,526115,726,14,0,Divorciado,Media,1
26,930666,736,0,1410420,Casado,Media,1
64,1067679,623,0,3502447,Casado,Media,0
65,976003,606,9,4090181,Soltero,Media,0
52,1004301,467,9,3065823,Divorciado,Tecnica,0
65,726559,539,14,2644011,Soltero,Media,0
67,461748,676,16,2569459,Casado,Media,0
41,665856,544,5,1165821,Casado,Tecnica,0
36,624182,454,2,1804909,Soltero,Tecnica,0
41,775922,850,12,4503604,Soltero,Postgrado,0
31,1127981,453,15,586162,Divorciado,Universitaria,1
57,406447,825,7,4422168,Divorciado,Media,0
56,843275,569,14,1516957,Casado,Media,0
55,480979,591,16,3988148,Divorciado,Media,0
39,577985,532,16,0,Divorciado,Postgrado,0
40,967622,678,12,2878856,Casado,Media,1
38,443016,456,16,894844,Casado,Universitaria,0
67,1020273,415,5,0,Casado,Tecnica,1
61,394350,761,16,2327801,Casado,Postgrado,1
69,1000094,519,15,3514207,Soltero,Tecnica,0
34,335140,674,13,732587,Casado,Media,1
35,614656,491,12,0,Casado,Media,0
51,1368948,670,5,1862232,Casado,Media,1
21,1312563,768,2,1868847,Divorciado,Universitaria,1
23,676242,547,13,2822479,Casado,Universitaria,0
36,916988,406,13,3424391,Soltero,Postgrado,0
43,1161220,768,14,1910877,Soltero,Tecnica,1
31,1004388,692,7,4783254,Casado,Media,1
32,717960,552,14,2336352,Soltero,Media,0
30,575409,578,12,1480360,Divorciado,Media,0
52,1060430,488,16,0,Casado,Media,1
36,1139210,742,2,1606010,Soltero,Universitaria,1
28,1314710,546,5,1495419,Soltero,Tecnica,1
58,300000,458,4,3440457,Casado,Tecnica,0
32,424062,621,16,2693725,Soltero,Postgrado,0
44,1148577,513,1,230946,Casado,Universitaria,1
48,334540,496,14,2258381,Soltero,Media,0
28,1171564,556,4,3007296,Divorciado,Tecnica,0
48,735520,608,19,4292047,Soltero,Tecnica,0
56,643725,461,5,3331255,Soltero,Universitaria,0
46,861628,738,5,3141269,Casado,Postgrado,0
28,396389,667,17,2090128,Soltero,Postgrado,1
48,1047204,563,17,2582468,Casado,Media,0
48,1306891,509,3,3874257,Divorciado,Postgrado,0
57,1061172,591,16,833,Casado,Tecnica,1
61,726047,689,13,1475841,Casado,Postgrado,1
56,338589,674,13,841146,Soltero,Media,1
47,350123,705,12,2568729,Divorciado,Tecnica,0
37,401107,551,6,3845333,Casado,Postgrado,0
29,796316,307,11,1104538,Soltero,Postgrado,0
53,834020,724,14,0,Soltero,Universitaria,1
40,1060533,583,18,1381668,Casado,Media,1
33,300000,666,10,3370210,Soltero,Postgrado,0
48,1193363,766,14,2806444,Casado,Universitaria,1
68,1008321,843,11,2642279,Casado,Tecnica,1
49,701949,535,2,1580010,Casado,Universitaria,0
33,443071,613,16,81453,Divorciado,Universitaria,0
66,1174742,736,2,2772941,Casado,Postgrado,1
55,709971,515,18,748577,Soltero,Postgrado,0
26,793994,541,19,5276145,Divorciado,Postgrado,0
38,915083,541,3,2855760,Soltero,Universitaria,0
25,526040,597,2,1129027,Divorciado,Tecnica,0
67,715345,577,15,1082922,Divorciado,Media,0
45,1059595,540,11,1860583,Divorciado,Universitaria,1
22,1029228,503,7,1640747,Divorciado,Postgrado,1
30,1031932,681,16,3675250,Soltero,Media,1
50,453446,733,6,2279624,Casado,Tecnica,1
65,729025,748,10,902552,Soltero,Media,1
25,681081,551,17,4835661,Casado,Postgrado,0
53,927553,685,0,2073962,Soltero,Universitaria,1
21,900697,623,2,3153259,Divorciado,Universitaria,0
38,846628,542,3,1087660,Divorciado,Postgrado,0
52,1539720,673,12,2544673,Casado,Universitaria,1
67,712758,538,5,2466664,Casado,Postgrado,0
69,677653,562,13,0,Soltero,Universitaria,0
31,452975,462,4,5022912,Casado,Universitaria,0
41,338645,553,15,3935966,Soltero,Universitaria,0
46,433904,625,14,1404207,Casado,Tecnica,0
45,584395,756,14,346595,Casado,Tecnica,1
42,1193021,564,3,2521342,Casado,Postgrado,0
47,811749,496,7,2130046,Divorciado,Tecnica,0
69,857999,749,15,2533503,Divorciado,Postgrado,0
33,771118,549,15,2287366,Soltero,Media,0
53,909590,425,3,2759361,Casado,Media,0
54,1220621,613,12,4170958,Soltero,Tecnica,0
61,300000,567,12,2852154,Casado,Media,0
55,1165501,830,1,425516,Divorciado,Media,1
21,300000,647,2,4043844,Divorciado,Universitaria,0
41,808460,585,7,4460921,Casado,Universitaria,0
68,1457572,507,14,6728085,Casado,Postgrado,0
26,1004197,633,10,314758,Divorciado,Media,1
48,911917,745,8,2364323,Divorciado,Postgrado,1
37,1400583,631,6,0,Soltero,Postgrado,1
25,589081,515,12,2829723,Divorciado,Media,0
51,930190,653,1,1177699,Casado,Tecnica,1
25,973435,595,7,4885168,Soltero,Media,0
58,643279,644,6,838077,Casado,Universitaria,0
23,669766,564,11,0,Soltero,Media,0
43,636866,562,18,1293104,Casado,Tecnica,0
57,826194,558,6,0,Divorciado,Postgrado,0
57,964007,694,9,3126649,Casado,Postgrado,1
30,836969,563,15,0,Soltero,Universitaria,0
30,1012838,554,2,2042686,Casado,Universitaria,1
39,300000,505,9,0,Soltero,Universitaria,0
37,734524,645,5,1519553,Casado,Postgrado,0
41,492974,631,17,4465067,Divorciado,Universitaria,0
34,890516,555,17,2540971,Divorciado,Media,0
29,886075,529,4,704759,Casado,Postgrado,0
66,765313,787,6,1953194,Casado,Tecnica,1
21,953083,411,1,2027025,Casado,Postgrado,1
65,1099343,649,10,2708945,Soltero,Media,0
33,781843,729,12,0,Casado,Media,1
24,484491,300,4,2888850,Casado,Universitaria,0
21,325622,679,5,0,Soltero,Postgrado,1
69,810833,577,13,1055173,Divorciado,Postgrado,0
60,872560,625,11,1267589,Casado,Postgrado,0
52,509142,567,3,2949990,Casado,Tecnica,0
54,1017730,707,5,2033946,Divorciado,Universitaria,1
48,662312,636,9,0,Divorciado,Media,0
51,303070,613,17,522510,Soltero,Media,0
28,1176930,510,14,2298020,Casado,Universitaria,1
59,1143196,788,7,1881398,Casado,Media,1
46,300000,600,8,1131313,Soltero,Media,0
54,631219,828,4,1278749,Divorciado,Universitaria,1
23,619524,792,9,3044251,Soltero,Media,0
32,1291846,422,19,1223461,Divorciado,Postgrado,1
21,770212,534,5,1867863,Soltero,Tecnica,0
64,351236,496,15,5254904,Divorciado,Universitaria,0
25,1064631,595,2,0,Soltero,Tecnica,1
50,430767,618,9,0,Divorciado,Media,0
50,721897,622,10,3175384,Divorciado,Media,0
37,569069,705,10,982035,Divorciado,Postgrado,1
68,631863,749,16,1522643,Divorciado,Universitaria,1
67,1081177,696,3,828265,Divorciado,Media,1
43,1256399,543,3,1610299,Casado,Universitaria,1
35,417689,521,16,4397807,Divorciado,Universitaria,0
57,987822,600,8,3203192,Casado,Universitaria,0
41,580173,642,18,3293335,Divorciado,Universitaria,0
34,589498,581,4,0,Casado,Universitaria,0
22,947190,465,5,273269,Casado,Tecnica,1
31,491629,668,2,0,Soltero,Postgrado,1
59,941180,560,0,785928,Divorciado,Universitaria,1
58,1019034,557,19,3435054,Soltero,Tecnica,0
54,670240,594,15,2775419,Soltero,Media,0
58,1198123,576,10,1667730,Divorciado,Universitaria,1
54,418152,563,12,1966549,Soltero,Media,0
38,1203621,471,9,966671,Divorciado,Universitaria,1
50,300000,588,2,2307138,Soltero,Tecnica,0
35,1609914,670,8,3148817,Divorciado,Tecnica,1
47,678139,626,11,0,Divorciado,Tecnica,0
54,451307,694,13,2449471,Divorciado,Postgrado,1
58,730198,527,0,3398652,Casado,Media,0
53,486056,472,17,1377349,Soltero,Postgrado,0
44,916089,575,16,3051050,Casado,Universitaria,0
35,1210297,538,8,6221981,Soltero,Media,0
50,501963,548,8,1843485,Soltero,Tecnica,0
62,973819,621,9,2589960,Soltero,Media,0
37,340179,549,18,892914,Casado,Tecnica,0
25,1109886,474,14,2271876,Soltero,Postgrado,1
49,924870,544,4,2690407,Casado,Postgrado,0
24,1122854,634,14,2292263,Divorciado,Tecnica,1
30,763295,667,19,470457,Soltero,Tecnica,1
37,669453,666,1,2309542,Soltero,Universitaria,1
30,1044835,642,12,4193293,Divorciado,Postgrado,0
37,407585,583,15,2672953,Divorciado,Postgrado,0
40,300000,640,14,3442980,Soltero,Universitaria,0
44,798511,595,9,1644482,Divorciado,Postgrado,0
25,683121,611,13,3124850,Casado,Tecnica,0
54,966149,506,9,2418901,Casado,Media,1
26,1127465,604,13,573633,Soltero,Media,1
22,959904,637,8,2477781,Casado,Postgrado,1
33,1103570,634,13,512455,Casado,Universitaria,1
63,896315,471,2,1050679,Soltero,Tecnica,0
63,948378,609,19,2283992,Divorciado,Media,1
68,765002,455,15,2445866,Soltero,Tecnica,0
31,939513,617,1,216151,Casado,Postgrado,1
67,849995,529,9,3580978,Soltero,Postgrado,0
43,897553,770,2,2858009,Soltero,Media,0
36,749982,611,10,942907,Casado,Postgrado,0
51,1042678,680,10,0,Casado,Universitaria,1
31,586864,811,12,1782643,Soltero,Postgrado,1
36,794495,518,6,1331084,Casado,Postgrado,0
28,1193535,643,16,2169710,Casado,Postgrado,1
24,515383,481,1,1455325,Casado,Tecnica,0
60,300000,634,11,0,Casado,Tecnica,0
24,909937,776,9,1417479,Casado,Media,1
45,722913,537,17,1541571,Casado,Media,0
23,1103258,511,10,2950491,Divorciado,Media,0
52,760845,590,15,952700,Soltero,Postgrado,0
23,618698,804,16,4518012,Casado,Tecnica,0
47,777254,677,18,0,Soltero,Universitaria,1
49,1127920,509,17,3966751,Divorciado,Postgrado,0
52,972610,745,2,1663521,Casado,Postgrado,1
39,300000,434,15,3289377,Soltero,Postgrado,0
41,855730,813,5,2119702,Casado,Universitaria,1
25,870728,685,11,3709333,Casado,Media,0
38,794525,776,10,1418957,Casado,Universitaria,1
48,616733,435,14,352069,Casado,Media,0
62,1158359,616,14,4130756,Casado,Universitaria,0
42,1173210,586,15,1829779,Casado,Tecnica,1
41,300000,499,9,2332337,Casado,Postgrado,0
26,560612,470,11,3852127,Divorciado,Postgrado,0
21,756580,650,12,452067,Divorciado,Postgrado,1
25,1084552,659,3,2893236,Casado,Media,1
61,810455,729,6,1115157,Casado,Universitaria,1
32,594921,549,1,1801745,Divorciado,Tecnica,0
46,1012860,585,14,2108418,Divorciado,Universitaria,1
66,736599,461,7,0,Divorciado,Postgrado,0
54,764779,754,6,831744,Casado,Tecnica,1
69,791852,606,14,4026609,Soltero,Tecnica,0
34,972292,672,13,3329286,Soltero,Postgrado,1
46,707435,675,7,1906040,Soltero,Universitaria,1
65,1006083,745,11,2364685,Soltero,Postgrado,1
47,778079,516,12,1558636,Casado,Universitaria,0
29,479895,669,10,4034875,Soltero,Tecnica,0
46,788967,597,16,1699471,Divorciado,Tecnica,0
67,495435,810,16,2347763,Divorciado,Postgrado,1
42,812296,516,3,3719045,Soltero,Tecnica,0
67,1048842,717,7,833942,Divorciado,Media,1
50,477911,635,4,4338183,Casado,Tecnica,0
63,909282,629,15,0,Soltero,Media,1
68,551288,605,3,4444463,Soltero,Tecnica,0
37,860510,734,14,1440986,Casado,Postgrado,1
46,1058061,626,11,1635951,Divorciado,Postgrado,1
56,300000,447,4,0,Casado,Media,0
21,465657,721,15,1317807,Casado,Postgrado,1
28,689306,703,13,440290,Divorciado,Tecnica,1
69,894512,658,9,1088530,Casado,Tecnica,1
55,750085,487,6,1794033,Divorciado,Postgrado,0
35,786235,502,12,3436687,Divorciado,Tecnica,0
67,1412895,412,19,2311405,Casado,Universitaria,1
42,436262,646,4,2461514,Divorciado,Universitaria,0
34,1140645,465,2,356720,Casado,Tecnica,1
46,695006,428,14,678868,Divorciado,Postgrado,0
48,964842,727,3,4698087,Soltero,Media,1
43,1438683,676,14,897198,Divorciado,Postgrado,1
34,1006603,566,13,4484312,Divorciado,Media,0
44,911748,586,19,1635408,Casado,Postgrado,1
22,1279736,359,18,2003431,Divorciado,Tecnica,1
65,1137439,691,12,3605547,Soltero,Universitaria,1
46,560181,530,9,3907838,Soltero,Postgrado,0
34,888357,633,4,1833781,Divorciado,Media,0
27,300000,351,19,1417635,Divorciado,Universitaria,0
23,637953,697,19,1916119,Soltero,Media,1
67,894215,524,5,2506936,Casado,Tecnica,0
43,619368,462,3,3336955,Soltero,Universitaria,0
66,882010,566,1,2006344,Soltero,Media,0
63,795984,540,15,2928329,Divorciado,Postgrado,0
67,960925,707,17,4457539,Divorciado,Tecnica,1
65,672740,557,4,2571964,Soltero,Tecnica,0
38,517955,736,3,2467479,Casado,Tecnica,1
58,1243438,633,12,0,Soltero,Postgrado,1
55,651290,689,18,0,Soltero,Postgrado,1
35,998003,599,1,2582563,Casado,Universitaria,0
45,1230574,727,12,1857763,Soltero,Postgrado,1
57,848800,484,10,1227825,Soltero,Universitaria,0
48,543108,611,3,2365295,Divorciado,Tecnica,0
30,746417,560,19,1909394,Casado,Universitaria,0
59,1105262,739,19,3691670,Divorciado,Media,1
37,861874,749,14,2129166,Divorciado,Tecnica,1
59,438457,600,3,879615,Casado,Tecnica,0
42,978993,470,8,3485249,Casado,Universitaria,0
46,1030859,642,6,1674303,Soltero,Tecnica,1
64,693406,433,18,2789805,Divorciado,Postgrado,0
45,983073,762,18,1283883,Casado,Media,1
37,873505,552,5,1025259,Divorciado,Universitaria,0
33,740771,596,5,2126252,Divorciado,Universitaria,0
40,411939,531,19,2019242,Casado,Tecnica,0
45,1123386,509,14,2719740,Soltero,Postgrado,0
24,1027763,673,14,1597031,Divorciado,Tecnica,1
30,975165,584,19,0,Casado,Tecnica,1
23,1263357,604,8,1350839,Soltero,Universitaria,1
61,1083558,499,3,3190727,Divorciado,Tecnica,0
65,1005969,685,17,1553935,Casado,Media,1
38,300000,695,17,1630424,Divorciado,Tecnica,1
67,1159068,579,4,3479564,Casado,Tecnica,0
56,824924,726,19,932040,Casado,Universitaria,1
67,893747,589,10,0,Divorciado,Tecnica,0
42,895799,677,4,1759053,Divorciado,Postgrado,1
54,1032149,437,3,1273739,Casado,Universitaria,1
67,1136652,635,11,550630,Soltero,Tecnica,1
28,990272,572,1,1736932,Divorciado,Media,1
60,942585,615,12,2737258,Casado,Media,0
69,869453,611,9,1986067,Casado,Universitaria,0
64,300000,612,8,2460471,Soltero,Universitaria,0
39,713722,661,9,4720111,Soltero,Tecnica,0
62,517523,543,6,1485681,Soltero,Postgrado,0
61,1163221,656,3,2417522,Divorciado,Tecnica,1
57,985711,723,18,1236179,Casado,Media,1
26,662558,458,9,730460,Casado,Postgrado,0
46,692684,521,2,1122638,Casado,Postgrado,0
54,681805,526,18,1281862,Soltero,Postgrado,0
65,676452,490,1,2539213,Casado,Tecnica,0
26,366632,552,19,5523613,Divorciado,Media,0
57,301616,703,9,925934,Soltero,Universitaria,1
53,808714,744,1,1375062,Soltero,Tecnica,1
42,1122594,610,1,1905315,Soltero,Universitaria,1
41,638693,567,16,2593698,Soltero,Postgrado,0
26,891033,680,15,2395326,Divorciado,Postgrado,1
26,1020278,363,15,3926143,Casado,Tecnica,0
68,501986,494,13,0,Divorciado,Media,0
24,794007,367,6,0,Casado,Postgrado,0
50,600043,493,10,1256182,Divorciado,Universitaria,0
31,1281835,523,0,3645950,Soltero,Universitaria,0
50,1268737,747,10,0,Soltero,Tecnica,1
51,502297,323,3,0,Divorciado,Universitaria,0
44,915765,558,6,2856769,Divorciado,Media,0
29,1120279,661,14,2365485,Casado,Postgrado,1
23,1054498,641,17,364687,Divorciado,Universitaria,1
51,824468,746,11,521690,Divorciado,Universitaria,1
60,1191967,616,16,545384,Casado,Postgrado,1
