ID_Transaccion,ID_Cliente,Fecha,Categoria,Monto
1,1,2025-06-28,Alimentos,21363
2,1,2025-03-15,Hogar,25454
3,1,2025-01-30,Alimentos,43234
4,2,2025-06-23,Deportes,23663
5,2,2025-09-22,Alimentos,11319
6,2,2025-08-27,Alimentos,26419
7,2,2025-04-02,Deportes,41672
8,2,2025-08-26,Alimentos,11121
9,3,2025-07-23,Belleza,4927
10,3,2025-11-19,Moda,12771
11,3,2025-02-01,Deportes,23313
12,4,2025-06-05,Hogar,4638
13,4,2025-09-30,Electrónica,29607
14,4,2025-06-29,Hogar,7020
15,4,2025-09-04,Moda,5507
16,4,2025-12-03,Hogar,46545
17,4,2025-03-15,Moda,8637
18,5,2025-03-11,Deportes,23674
19,5,2025-03-30,Deportes,50170
20,5,2025-09-16,Belleza,69901
21,6,2025-10-27,Alimentos,24208
22,6,2026-01-10,Belleza,8093
23,6,2025-05-06,Deportes,67653
24,6,2025-10-01,Hogar,8099
25,7,2025-03-09,Alimentos,1500
26,7,2025-03-17,Electrónica,1500
27,7,2025-12-13,Electrónica,5335
28,7,2025-02-28,Hogar,7438
29,7,2025-12-08,Deportes,56066
30,7,2025-08-03,Juguetes,11261
31,8,2025-08-09,Electrónica,5651
32,8,2025-02-13,Belleza,5449
33,8,2025-06-03,Electrónica,92258
34,8,2025-03-15,Hogar,12528
35,9,2025-06-25,Hogar,20334
36,9,2025-04-02,Hogar,49663
37,9,2025-03-23,Belleza,5838
38,10,2025-03-21,Electrónica,132414
39,10,2025-08-31,Hogar,154646
40,10,2025-09-11,Electrónica,103452
41,10,2025-02-03,Belleza,284852
42,10,2025-04-27,Alimentos,389009
43,10,2025-02-28,Deportes,89261
44,10,2025-07-02,Deportes,9318
45,10,2025-02-23,Alimentos,171120
46,11,2025-05-11,Hogar,17317
47,11,2025-05-02,Electrónica,21777
48,11,2025-11-25,Moda,18246
49,11,2025-07-06,Hogar,55221
50,11,2025-05-07,Moda,42451
51,12,2025-04-26,Moda,34839
52,12,2025-02-13,Hogar,7357
53,12,2025-10-01,Moda,5755
54,12,2025-10-10,Moda,1500
55,12,2025-02-09,Electrónica,30818
56,12,2025-02-03,Belleza,41417
57,13,2025-11-24,Juguetes,44409
58,13,2025-09-12,Electrónica,17817
59,13,2025-02-16,Electrónica,8516
60,13,2025-11-17,Electrónica,233269
61,13,2025-04-18,Electrónica,6663
62,13,2025-12-19,Electrónica,72559
63,13,2025-11-24,Electrónica,5462
64,13,2025-04-17,Belleza,47070
65,14,2025-06-21,Belleza,1500
66,14,2025-07-10,Belleza,14736
67,14,2025-03-22,Deportes,3121
68,14,2025-10-08,Juguetes,1893
69,14,2025-07-29,Juguetes,18055
70,15,2025-06-20,Belleza,26491
71,15,2025-05-03,Juguetes,22829
72,16,2025-09-29,Juguetes,66452
73,16,2025-06-11,Belleza,183619
74,16,2025-08-18,Deportes,7002
75,16,2025-07-15,Hogar,41409
76,17,2025-03-20,Electrónica,19300
77,17,2025-09-07,Moda,37173
78,17,2025-05-30,Electrónica,45887
79,17,2025-02-19,Electrónica,16012
80,17,2025-04-25,Electrónica,13219
81,17,2025-02-02,Hogar,13825
82,18,2025-06-30,Alimentos,1500
83,18,2025-10-18,Moda,8326
84,18,2025-02-01,Hogar,12817
85,18,2025-06-07,Moda,17148
86,18,2025-11-01,Hogar,13387
87,19,2025-10-05,Juguetes,39058
88,19,2025-10-25,Deportes,23232
89,19,2025-03-30,Electrónica,1500
90,19,2025-12-26,Moda,22202
91,19,2025-05-03,Electrónica,12164
92,20,2025-07-10,Juguetes,47275
93,20,2026-01-02,Alimentos,85916
94,20,2025-06-19,Alimentos,36345
95,21,2025-04-29,Hogar,25835
96,21,2025-05-09,Juguetes,19584
97,21,2025-07-20,Belleza,29723
98,21,2025-09-28,Belleza,57015
99,22,2025-11-30,Hogar,16815
100,22,2026-01-24,Moda,14256
101,22,2025-09-19,Hogar,11492
102,23,2025-06-12,Electrónica,4117
103,23,2026-01-15,Deportes,2482
104,23,2025-01-29,Moda,18901
105,23,2025-06-29,Hogar,25021
106,23,2025-10-13,Belleza,22054
107,23,2025-02-11,Moda,34672
108,23,2025-11-22,Alimentos,18931
109,23,2025-02-13,Belleza,7413
110,24,2025-10-18,Belleza,13056
111,24,2025-09-12,Belleza,19950
112,24,2025-08-26,Electrónica,6029
113,24,2025-01-30,Electrónica,30607
114,25,2025-10-29,Alimentos,37840
115,25,2025-02-07,Electrónica,46707
116,25,2025-09-24,Moda,31277
117,25,2025-10-16,Deportes,34860
118,25,2025-06-10,Hogar,1500
119,25,2025-05-20,Hogar,24550
120,26,2025-09-25,Moda,96967
121,26,2025-12-11,Moda,8530
122,27,2025-09-06,Juguetes,3693
123,27,2025-07-15,Electrónica,77908
124,27,2026-01-14,Moda,30455
125,27,2025-12-31,Electrónica,74473
126,27,2025-02-27,Deportes,36025
127,28,2026-01-15,Electrónica,46774
128,28,2025-09-02,Hogar,11445
129,28,2025-04-25,Belleza,18956
130,28,2025-10-01,Hogar,5653
131,28,2025-08-01,Juguetes,47000
132,28,2025-12-28,Hogar,40121
133,28,2025-04-14,Hogar,44436
134,29,2025-06-11,Hogar,7058
135,29,2025-03-24,Belleza,12583
136,29,2025-03-19,Moda,5572
137,30,2025-09-22,Hogar,29559
138,30,2026-01-13,Moda,4359
139,30,2025-09-24,Moda,16038
140,30,2025-12-06,Belleza,6129
141,30,2025-07-18,Alimentos,13645
142,30,2025-12-06,Moda,5241
143,30,2025-02-26,Moda,9146
144,31,2025-06-23,Moda,16290
145,31,2025-10-28,Alimentos,53213
146,31,2025-02-26,Moda,57757
147,31,2025-04-23,Electrónica,32782
148,31,2025-08-22,Alimentos,10423
149,32,2025-12-06,Alimentos,44292
150,32,2025-09-25,Moda,2894
151,32,2025-06-29,Moda,5430
152,32,2025-04-24,Juguetes,7339
153,32,2025-10-25,Belleza,8268
154,32,2025-05-02,Moda,4573
155,33,2025-10-17,Hogar,34362
156,33,2025-10-30,Hogar,4465
157,33,2025-08-18,Hogar,14102
158,33,2025-12-01,Electrónica,45036
159,33,2025-09-03,Belleza,67523
160,33,2025-09-20,Electrónica,18047
161,33,2025-10-18,Moda,2492
162,33,2025-04-20,Belleza,11674
163,33,2025-09-29,Moda,14186
164,34,2025-05-20,Hogar,19845
165,34,2025-05-11,Alimentos,94060
166,34,2025-05-30,Electrónica,18063
167,34,2025-10-22,Belleza,13479
168,34,2025-04-01,Electrónica,8135
169,35,2025-11-03,Moda,2931
170,35,2025-10-19,Deportes,9954
171,35,2025-03-15,Moda,17295
172,35,2025-09-27,Moda,18940
173,35,2025-05-19,Hogar,4024
174,35,2026-01-13,Deportes,15106
175,35,2025-06-18,Electrónica,31479
176,36,2025-03-17,Belleza,16328
177,36,2025-05-15,Deportes,20874
178,36,2025-06-30,Moda,8958
179,37,2025-03-25,Electrónica,12151
180,37,2025-10-12,Moda,10226
181,37,2025-09-13,Deportes,53390
182,37,2026-01-03,Hogar,28595
183,38,2025-05-19,Juguetes,32801
184,38,2025-05-09,Electrónica,33107
185,39,2025-04-29,Hogar,37720
186,39,2025-04-30,Juguetes,10743
187,39,2025-12-13,Electrónica,14895
188,39,2025-05-30,Hogar,101494
189,40,2025-04-25,Deportes,5116
190,40,2025-11-15,Juguetes,80889
191,40,2025-08-08,Electrónica,58295
192,40,2025-03-01,Electrónica,42793
193,40,2025-08-30,Moda,29558
194,40,2025-04-29,Deportes,3068
195,40,2025-07-19,Moda,25144
196,41,2025-06-02,Deportes,27251
197,41,2025-06-14,Juguetes,25299
198,41,2025-06-05,Alimentos,9821
199,41,2025-04-19,Moda,43555
200,42,2025-03-04,Electrónica,4047
201,42,2025-10-13,Hogar,35812
202,42,2025-02-24,Electrónica,37581
203,42,2025-06-13,Moda,4199
204,42,2025-06-25,Belleza,17054
205,42,2025-10-01,Moda,5917
206,43,2025-08-29,Electrónica,3136
207,43,2025-06-05,Moda,5966
208,43,2025-09-18,Alimentos,16709
209,43,2025-10-16,Hogar,26673
210,43,2025-04-05,Belleza,35773
211,43,2025-08-30,Belleza,1500
212,44,2025-06-07,Moda,6955
213,44,2026-01-17,Deportes,37245
214,45,2025-12-31,Moda,34864
215,46,2025-03-25,Hogar,31926
216,46,2025-12-08,Moda,31559
217,47,2025-04-13,Electrónica,3392
218,47,2025-03-06,Juguetes,8894
219,47,2025-08-06,Belleza,1500
220,47,2025-03-12,Hogar,18984
221,47,2025-08-26,Deportes,6459
222,47,2025-02-15,Hogar,6722
223,47,2025-11-03,Electrónica,8188
224,47,2025-08-25,Juguetes,4744
225,47,2025-09-09,Electrónica,1500
226,48,2025-04-17,Belleza,8064
227,48,2026-01-13,Hogar,12492
228,48,2025-04-01,Belleza,9205
229,48,2026-01-20,Moda,30576
230,49,2025-10-05,Moda,22595
231,49,2025-06-25,Juguetes,39756
232,49,2025-12-06,Moda,11113
233,49,2025-08-03,Hogar,8023
234,49,2025-01-30,Belleza,164368
235,50,2025-04-03,Moda,2016
236,50,2026-01-17,Electrónica,22280
237,50,2025-06-27,Moda,73564
238,50,2025-06-24,Deportes,10207
239,50,2026-01-04,Deportes,18627
240,51,2025-06-05,Belleza,13029
241,51,2025-07-22,Deportes,6036
242,51,2025-05-25,Hogar,23207
243,51,2025-10-12,Hogar,8779
244,51,2025-10-27,Electrónica,5269
245,51,2025-05-05,Juguetes,10675
246,52,2025-05-10,Electrónica,65423
247,52,2025-11-30,Deportes,11724
248,52,2025-11-11,Deportes,123404
249,52,2025-06-28,Belleza,161472
250,53,2025-04-01,Electrónica,32897
251,53,2025-11-16,Hogar,9603
252,54,2025-11-10,Alimentos,35914
253,54,2025-04-09,Deportes,44727
254,54,2025-05-19,Moda,3555
255,54,2025-03-05,Juguetes,32067
256,54,2025-04-18,Alimentos,24497
257,54,2025-02-15,Hogar,60075
258,54,2025-11-21,Alimentos,7521
259,55,2025-10-21,Electrónica,1585
260,55,2025-11-03,Alimentos,20732
261,55,2026-01-08,Electrónica,4030
262,55,2025-04-19,Hogar,20866
263,55,2025-06-01,Electrónica,33423
264,55,2025-12-28,Belleza,101000
265,56,2025-11-17,Alimentos,17416
266,56,2025-11-20,Hogar,42977
267,56,2025-09-03,Hogar,11623
268,56,2025-08-15,Hogar,14234
269,56,2025-10-15,Electrónica,13127
270,56,2025-02-23,Belleza,12121
271,56,2025-11-12,Electrónica,24751
272,57,2025-07-07,Alimentos,13626
273,57,2025-08-22,Alimentos,21183
274,58,2025-09-09,Electrónica,109821
275,58,2025-04-02,Moda,127918
276,58,2025-02-05,Alimentos,1625
277,59,2026-01-26,Belleza,44031
278,59,2025-08-12,Juguetes,31899
279,59,2025-12-16,Electrónica,63906
280,59,2025-08-23,Electrónica,41595
281,60,2025-06-17,Belleza,18660
282,60,2025-08-31,Moda,70808
283,60,2025-10-08,Juguetes,43567
284,60,2025-10-07,Juguetes,7557
285,60,2025-10-11,Moda,74605
286,60,2025-10-02,Electrónica,22374
287,61,2025-09-14,Moda,11624
288,61,2025-05-22,Belleza,74575
289,61,2025-12-24,Hogar,50824
290,61,2026-01-14,Electrónica,7801
291,61,2025-07-24,Alimentos,30109
292,62,2025-05-25,Juguetes,11238
293,62,2025-10-26,Deportes,15199
294,62,2025-11-16,Belleza,21911
295,62,2025-06-14,Moda,30135
296,62,2025-09-10,Alimentos,16010
297,62,2025-05-05,Belleza,10670
298,62,2025-12-06,Hogar,1704
299,62,2025-12-15,Moda,1500
300,63,2025-07-11,Hogar,13974
301,63,2025-09-07,Deportes,33430
302,63,2025-05-07,Deportes,17675
303,63,2025-07-28,Moda,171080
304,63,2025-09-21,Alimentos,14929
305,63,2025-12-01,Moda,39297
306,63,2025-11-30,Belleza,57834
307,63,2025-04-28,Deportes,61772
308,64,2025-11-07,Moda,16062
309,64,2025-07-29,Electrónica,28863
310,64,2025-04-05,Deportes,16909
311,64,2025-03-07,Deportes,1500
312,64,2025-10-23,Electrónica,18876
313,64,2025-12-19,Belleza,17828
314,65,2025-04-21,Moda,17783
315,65,2025-05-23,Hogar,12261
316,65,2025-09-30,Belleza,62060
317,66,2025-06-26,Moda,11027
318,66,2025-11-21,Deportes,7271
319,66,2025-05-18,Deportes,19171
320,66,2025-05-08,Electrónica,5667
321,66,2025-10-11,Moda,3751
322,67,2025-08-10,Hogar,15929
323,67,2025-09-29,Hogar,5004
324,67,2026-01-17,Deportes,10898
325,68,2025-12-13,Electrónica,31758
326,69,2025-02-12,Alimentos,21975
327,69,2025-08-15,Moda,12604
328,70,2025-12-06,Hogar,7597
329,70,2026-01-12,Alimentos,2369
330,70,2025-09-22,Moda,7829
331,70,2025-02-04,Deportes,12555
332,71,2025-09-10,Juguetes,24894
333,71,2025-01-29,Belleza,34226
334,72,2025-08-03,Electrónica,119871
335,72,2025-04-25,Electrónica,23490
336,72,2025-04-17,Alimentos,128868
337,72,2026-01-18,Electrónica,50472
338,73,2026-01-26,Juguetes,92466
339,73,2025-02-26,Deportes,90895
340,73,2025-02-22,Deportes,36383
341,73,2025-12-11,Belleza,37469
342,73,2025-06-07,Alimentos,53869
343,73,2025-02-25,Electrónica,44402
344,73,2025-02-16,Deportes,26791
345,74,2025-10-12,Juguetes,23673
346,75,2025-04-05,Hogar,28805
347,75,2025-06-07,Belleza,22366
348,76,2025-02-24,Moda,53138
349,76,2025-12-06,Electrónica,16746
350,76,2025-06-23,Belleza,28181
351,76,2026-01-20,Alimentos,90194
352,76,2025-09-20,Electrónica,22252
353,76,2026-01-24,Juguetes,38025
354,77,2025-08-20,Hogar,15263
355,77,2025-04-07,Electrónica,62982
356,77,2025-06-02,Hogar,56560
357,78,2025-10-05,Belleza,29090
358,78,2025-08-26,Electrónica,10289
359,78,2025-09-16,Electrónica,22135
360,79,2025-05-06,Juguetes,11332
361,79,2025-10-23,Moda,57052
362,79,2025-12-26,Electrónica,18192
363,79,2025-07-28,Hogar,11538
364,80,2025-04-01,Belleza,7736
365,80,2025-08-07,Deportes,51540
366,81,2025-11-15,Belleza,8607
367,81,2026-01-12,Electrónica,38499
368,81,2025-02-18,Moda,85605
369,81,2025-04-26,Belleza,67288
370,81,2025-12-03,Hogar,42608
371,81,2026-01-02,Electrónica,4717
372,81,2025-12-12,Moda,4789
373,81,2025-09-13,Hogar,27978
374,82,2025-04-07,Hogar,28336
375,82,2025-12-01,Alimentos,31422
376,82,2025-04-05,Moda,7731
377,82,2026-01-28,Deportes,19897
378,83,2025-05-04,Electrónica,52907
379,83,2025-10-17,Deportes,20094
380,83,2025-02-12,Deportes,27701
381,83,2025-08-08,Alimentos,33967
382,83,2025-10-22,Moda,32036
383,83,2025-11-01,Belleza,8117
384,83,2025-04-02,Hogar,7752
385,83,2025-09-03,Deportes,1954
386,84,2025-09-22,Alimentos,52017
387,84,2025-05-05,Deportes,39042
388,84,2025-07-16,Juguetes,40380
389,84,2025-05-31,Belleza,59122
390,84,2025-08-19,Alimentos,41845
391,84,2026-01-05,Hogar,99409
392,85,2026-01-26,Hogar,70774
393,85,2026-01-14,Deportes,49933
394,85,2025-07-03,Alimentos,120562
395,85,2025-07-25,Moda,31651
396,85,2025-05-01,Hogar,13808
397,85,2025-03-08,Moda,40020
398,85,2025-11-26,Electrónica,17245
399,86,2025-02-13,Electrónica,16092
400,86,2025-02-22,Electrónica,5758
401,86,2025-06-18,Electrónica,70748
402,87,2025-07-19,Juguetes,43541
403,87,2025-11-25,Hogar,111616
404,87,2025-11-24,Electrónica,23059
405,87,2026-01-22,Moda,9264
406,87,2025-06-07,Hogar,104331
407,87,2025-08-23,Moda,118719
408,87,2025-11-19,Hogar,39900
409,88,2025-12-11,Electrónica,8145
410,88,2026-01-05,Juguetes,24407
411,88,2025-06-09,Electrónica,41596
412,88,2025-05-23,Hogar,19250
413,88,2025-06-12,Hogar,9754
414,89,2025-12-19,Hogar,23345
415,89,2026-01-13,Electrónica,81715
416,90,2025-12-21,Moda,25276
417,90,2025-04-29,Hogar,42749
418,90,2025-05-03,Electrónica,30345
419,91,2025-10-13,Belleza,151384
420,91,2026-01-08,Hogar,146161
421,92,2025-10-04,Electrónica,36177
422,92,2025-04-08,Moda,13374
423,92,2025-12-07,Electrónica,1500
424,92,2025-04-13,Belleza,1500
425,93,2025-08-12,Electrónica,10803
426,93,2025-12-08,Moda,12151
427,93,2025-02-22,Alimentos,3580
428,93,2025-07-23,Electrónica,29523
429,93,2025-05-28,Hogar,25484
430,94,2025-12-24,Deportes,49423
431,94,2025-09-15,Alimentos,19118
432,95,2025-06-12,Moda,57183
433,95,2025-06-07,Deportes,22005
434,95,2026-01-06,Electrónica,1653
435,95,2025-06-22,Deportes,44885
436,96,2025-02-18,Hogar,42692
437,96,2025-04-16,Deportes,98464
438,97,2025-11-14,Electrónica,14868
439,97,2025-03-01,Moda,24886
440,97,2025-05-24,Hogar,14159
441,97,2026-01-08,Juguetes,13586
442,97,2025-12-13,Juguetes,23129
443,98,2025-02-26,Belleza,24745
444,98,2025-11-13,Alimentos,31626
445,98,2025-12-24,Moda,6838
446,98,2025-08-17,Juguetes,61706
447,98,2025-07-21,Electrónica,79564
448,99,2025-07-03,Alimentos,17951
449,99,2025-06-02,Deportes,70628
450,99,2025-01-29,Moda,54713
451,99,2025-04-26,Moda,42147
452,99,2026-01-19,Juguetes,57635
453,99,2025-12-27,Belleza,41452
454,100,2026-01-28,Belleza,40585
455,100,2025-09-06,Moda,39285
456,100,2025-09-23,Moda,28609
457,101,2025-02-22,Alimentos,16748
458,101,2025-09-17,Deportes,32440
459,101,2026-01-17,Deportes,2889
460,101,2025-03-12,Deportes,19344
461,101,2025-10-26,Deportes,12587
462,102,2025-03-01,Juguetes,40739
463,102,2025-04-21,Deportes,98513
464,102,2025-03-13,Belleza,42644
465,102,2025-04-04,Belleza,18305
466,102,2025-12-07,Moda,70732
467,102,2025-06-14,Electrónica,42069
468,103,2025-08-31,Deportes,108517
469,103,2025-06-13,Deportes,15696
470,103,2025-05-01,Moda,18763
471,104,2025-07-30,Belleza,46725
472,104,2025-10-06,Electrónica,54416
473,104,2025-02-28,Hogar,1500
474,105,2025-05-31,Belleza,60799
475,105,2025-03-11,Alimentos,9979
476,105,2025-11-03,Moda,35368
477,105,2025-03-29,Hogar,12467
478,105,2025-10-02,Moda,18296
479,106,2025-08-13,Moda,94411
480,106,2025-03-20,Moda,51722
481,106,2025-09-21,Hogar,6332
482,106,2025-10-29,Hogar,2165
483,106,2025-02-28,Deportes,6612
484,106,2025-02-11,Deportes,7911
485,107,2025-10-07,Juguetes,48079
486,107,2025-10-09,Moda,12759
487,107,2025-11-06,Hogar,18814
488,108,2026-01-20,Moda,16113
489,108,2025-07-11,Alimentos,21124
490,108,2025-10-27,Moda,21382
491,108,2025-03-25,Deportes,1500
492,108,2025-11-27,Moda,36066
493,108,2025-06-11,Belleza,135970
494,108,2025-07-28,Moda,19910
495,109,2025-06-19,Moda,28406
496,109,2025-12-18,Belleza,12761
497,109,2025-08-11,Electrónica,35357
498,110,2025-06-14,Deportes,13688
499,111,2025-09-26,Moda,13205
500,111,2025-03-15,Alimentos,13665
501,112,2025-07-19,Juguetes,16953
502,112,2025-09-18,Electrónica,12675
503,113,2026-01-17,Belleza,28242
504,114,2025-11-28,Juguetes,1500
505,114,2025-08-08,Deportes,9325
506,114,2025-09-04,Hogar,62642
507,115,2025-03-16,Electrónica,19459
508,115,2025-04-17,Deportes,37890
509,116,2025-12-01,Moda,8318
510,116,2025-06-27,Belleza,54383
511,116,2025-08-16,Hogar,29337
512,116,2025-12-23,Deportes,4179
513,116,2025-05-30,Hogar,30784
514,116,2025-07-16,Deportes,17938
515,116,2025-12-28,Electrónica,80492
516,117,2025-08-11,Moda,16426
517,117,2025-05-06,Electrónica,3171
518,117,2025-10-01,Deportes,17071
519,117,2025-09-20,Hogar,11802
520,117,2025-12-19,Belleza,12216
521,117,2025-11-15,Electrónica,17356
522,117,2025-02-04,Deportes,51083
523,117,2025-06-16,Deportes,7722
524,118,2025-11-25,Electrónica,11805
525,118,2025-08-05,Electrónica,71986
526,118,2025-11-19,Hogar,106932
527,118,2025-08-20,Deportes,18801
528,119,2025-12-06,Alimentos,31539
529,119,2025-06-17,Electrónica,18860
530,119,2025-07-04,Juguetes,25442
531,119,2025-06-11,Juguetes,8209
532,119,2025-08-20,Juguetes,35958
533,120,2025-10-16,Moda,37937
534,120,2025-10-29,Alimentos,5005
535,121,2025-11-11,Moda,21594
536,121,2025-08-25,Belleza,11813
537,121,2025-08-17,Hogar,64815
538,121,2025-05-28,Belleza,41563
539,122,2026-01-09,Alimentos,1500
540,122,2025-10-18,Alimentos,1957
541,122,2025-03-23,Hogar,9118
542,122,2025-02-28,Belleza,21979
543,122,2025-02-23,Electrónica,1500
544,123,2025-10-09,Juguetes,23461
545,123,2025-12-09,Moda,28603
546,123,2025-11-17,Deportes,9566
547,123,2025-12-11,Moda,12115
548,124,2025-02-14,Electrónica,18102
549,124,2025-03-12,Hogar,42379
550,124,2025-04-08,Electrónica,18852
551,124,2025-05-07,Moda,8864
552,124,2025-09-25,Belleza,37779
553,124,2025-08-08,Juguetes,26670
554,124,2025-03-27,Belleza,148536
555,125,2025-04-06,Belleza,7095
556,125,2025-07-23,Moda,26426
557,125,2025-03-29,Moda,2165
558,125,2025-09-24,Moda,11469
559,125,2025-08-31,Electrónica,4491
560,126,2025-03-28,Deportes,73906
561,126,2025-09-13,Juguetes,25841
562,126,2025-04-29,Deportes,53411
563,126,2025-08-16,Juguetes,76305
564,126,2025-10-12,Electrónica,4565
565,127,2025-11-10,Belleza,19363
566,127,2025-06-21,Hogar,62118
567,127,2025-08-06,Belleza,87989
568,128,2025-09-16,Hogar,20406
569,128,2025-05-02,Moda,42163
570,128,2026-01-28,Moda,16217
571,128,2025-12-26,Hogar,2988
572,128,2025-02-11,Moda,20094
573,128,2025-05-31,Hogar,13227
574,129,2025-07-12,Deportes,47130
575,129,2026-01-23,Alimentos,34791
576,129,2025-06-24,Hogar,8303
577,130,2025-08-23,Moda,65649
578,130,2025-06-24,Belleza,75279
579,130,2026-01-14,Moda,36954
580,130,2025-07-12,Belleza,20925
581,131,2025-07-02,Moda,7643
582,131,2025-10-15,Moda,26680
583,131,2026-01-09,Electrónica,25174
584,131,2025-02-08,Electrónica,13935
585,131,2025-05-15,Deportes,11973
586,131,2025-06-16,Belleza,32593
587,132,2025-04-24,Electrónica,61482
588,132,2025-05-29,Alimentos,36446
589,132,2025-12-10,Moda,27141
590,133,2025-08-16,Moda,14777
591,133,2025-03-10,Belleza,24200
592,134,2025-10-15,Belleza,1802
593,134,2025-02-08,Moda,16206
594,134,2026-01-05,Hogar,33076
595,134,2025-09-30,Electrónica,31769
596,134,2025-09-23,Hogar,17750
597,135,2025-06-17,Belleza,20062
598,135,2025-11-25,Hogar,19999
599,135,2025-11-06,Juguetes,19054
600,135,2025-06-01,Hogar,3443
601,136,2025-10-17,Moda,2973
602,136,2025-03-14,Moda,78505
603,136,2025-03-17,Moda,17764
604,137,2025-10-10,Deportes,43408
605,137,2025-07-08,Alimentos,23428
606,137,2025-09-29,Belleza,18842
607,137,2025-09-25,Juguetes,122413
608,137,2025-05-29,Electrónica,22825
609,138,2025-10-14,Alimentos,11549
610,138,2025-12-05,Belleza,5844
611,138,2025-10-26,Belleza,65278
612,138,2025-02-23,Moda,36058
613,138,2025-10-26,Electrónica,22171
614,138,2025-09-18,Juguetes,8677
615,139,2025-06-13,Moda,1892
616,139,2025-12-23,Moda,12347
617,139,2025-10-23,Moda,23104
618,139,2025-11-26,Deportes,8704
619,139,2025-02-25,Hogar,17641
620,140,2025-02-22,Juguetes,26476
621,140,2025-04-28,Deportes,1500
622,140,2025-10-30,Moda,6444
623,140,2025-06-18,Electrónica,18183
624,140,2025-06-01,Alimentos,8324
625,140,2025-03-17,Moda,6389
626,140,2025-12-02,Moda,16458
627,141,2025-05-05,Moda,11660
628,141,2025-11-19,Moda,1534
629,141,2025-07-05,Juguetes,91787
630,141,2025-03-14,Electrónica,14822
631,142,2026-01-06,Belleza,52471
632,142,2025-12-05,Electrónica,53779
633,142,2025-04-07,Alimentos,99808
634,142,2026-01-22,Deportes,73401
635,142,2025-05-23,Electrónica,69488
636,143,2025-07-30,Deportes,43763
637,143,2025-09-24,Hogar,12410
638,143,2025-03-20,Alimentos,41200
639,143,2025-03-25,Juguetes,26891
640,144,2025-10-02,Moda,4332
641,144,2026-01-27,Moda,82818
642,144,2025-12-13,Alimentos,14503
643,144,2025-12-20,Juguetes,2261
644,144,2025-02-04,Moda,6945
645,144,2025-06-25,Moda,14035
646,145,2025-05-26,Hogar,32732
647,145,2025-11-05,Juguetes,37215
648,146,2025-03-24,Deportes,45181
649,146,2025-05-10,Belleza,17577
650,146,2025-04-29,Deportes,19890
651,146,2025-08-11,Deportes,17288
652,146,2025-05-19,Moda,30454
653,146,2025-07-14,Belleza,12378
654,146,2025-09-10,Moda,1500
655,147,2025-06-26,Belleza,14840
656,147,2025-10-02,Hogar,45960
657,147,2025-02-15,Juguetes,13830
658,147,2025-05-12,Belleza,2498
659,147,2025-05-04,Belleza,21618
660,148,2025-05-12,Moda,2459
661,148,2025-08-18,Juguetes,23369
662,148,2025-02-16,Hogar,18428
663,149,2025-11-14,Electrónica,49330
664,149,2025-07-05,Belleza,56901
665,149,2026-01-03,Belleza,37984
666,149,2025-10-13,Electrónica,68656
667,150,2025-07-03,Alimentos,13860
668,150,2025-08-03,Moda,4907
669,151,2025-02-19,Alimentos,34718
670,151,2025-06-18,Belleza,21636
671,151,2025-08-31,Alimentos,86437
672,151,2025-08-26,Belleza,33223
673,151,2025-06-19,Alimentos,12180
674,152,2025-04-15,Deportes,9825
675,152,2025-10-20,Hogar,33035
676,152,2025-06-29,Moda,8607
677,152,2025-07-03,Juguetes,17780
678,152,2026-01-25,Electrónica,29501
679,153,2025-03-01,Alimentos,13951
680,153,2025-07-05,Hogar,12322
681,153,2025-11-01,Belleza,34784
682,154,2025-06-11,Moda,46455
683,154,2025-05-26,Belleza,35624
684,154,2025-02-28,Alimentos,99092
685,155,2026-01-16,Moda,11730
686,155,2025-08-30,Juguetes,6881
687,155,2025-11-24,Hogar,25033
688,156,2025-07-03,Belleza,15317
689,157,2025-07-29,Belleza,23624
690,157,2025-08-08,Hogar,7410
691,157,2025-02-04,Electrónica,31394
692,157,2025-07-18,Moda,31941
693,157,2025-08-31,Electrónica,18679
694,157,2026-01-04,Belleza,35672
695,158,2025-10-15,Hogar,52213
696,158,2025-03-07,Alimentos,33598
697,158,2025-08-17,Alimentos,11036
698,159,2025-03-02,Alimentos,63620
699,159,2025-07-18,Deportes,2812
700,159,2025-07-12,Hogar,1500
701,159,2025-08-25,Belleza,1500
702,159,2025-07-09,Juguetes,5309
703,159,2026-01-04,Alimentos,32481
704,160,2026-01-07,Moda,14155
705,160,2025-08-08,Electrónica,1500
706,160,2025-06-24,Alimentos,7017
707,160,2025-07-11,Belleza,2346
708,161,2025-08-25,Hogar,28316
709,161,2025-10-13,Juguetes,23817
710,161,2025-05-15,Electrónica,12521
711,161,2025-06-22,Deportes,1500
712,162,2026-01-11,Moda,97536
713,162,2025-08-16,Moda,22388
714,162,2025-05-14,Hogar,34954
715,162,2025-04-17,Hogar,43244
716,163,2025-10-16,Moda,57612
717,163,2025-02-25,Hogar,18775
718,163,2025-06-05,Moda,7900
719,164,2025-08-22,Deportes,47677
720,164,2025-06-14,Juguetes,49995
721,164,2025-03-16,Juguetes,1500
722,164,2025-11-07,Hogar,24781
723,166,2025-12-05,Electrónica,16146
724,166,2025-08-21,Belleza,16409
725,166,2025-12-29,Belleza,30523
726,166,2025-03-29,Alimentos,13305
727,167,2025-02-08,Alimentos,46318
728,167,2025-06-21,Deportes,114144
729,167,2025-02-05,Belleza,51219
730,167,2026-01-03,Moda,35930
731,167,2025-06-12,Belleza,87838
732,167,2025-08-20,Alimentos,7860
733,167,2025-10-19,Belleza,40023
734,167,2025-10-07,Moda,126044
735,168,2025-07-14,Moda,12752
736,168,2025-06-08,Hogar,32420
737,168,2025-11-30,Moda,27002
738,168,2025-06-18,Belleza,11057
739,168,2025-02-24,Juguetes,31089
740,168,2026-01-25,Hogar,24791
741,168,2025-03-14,Juguetes,15230
742,169,2025-06-21,Moda,20811
743,169,2025-09-26,Deportes,21866
744,170,2025-05-05,Moda,9987
745,170,2025-06-17,Moda,44169
746,170,2025-04-23,Juguetes,67761
747,170,2025-12-30,Juguetes,59103
748,171,2026-01-07,Juguetes,12657
749,171,2025-06-08,Moda,16998
750,171,2025-10-10,Juguetes,6541
751,171,2025-11-03,Hogar,23835
752,171,2025-08-28,Moda,37309
753,171,2025-05-09,Deportes,10892
754,171,2025-11-24,Juguetes,2770
755,172,2025-02-07,Alimentos,10509
756,172,2025-08-28,Hogar,8128
757,172,2025-12-05,Belleza,1744
758,172,2026-01-03,Hogar,14950
759,172,2025-03-22,Deportes,21558
760,172,2025-12-18,Belleza,4878
761,172,2025-08-29,Juguetes,8030
762,172,2025-05-29,Belleza,10690
763,172,2025-07-25,Belleza,93055
764,173,2025-10-25,Hogar,29523
765,173,2025-12-20,Alimentos,26422
766,173,2025-05-14,Alimentos,8313
767,173,2025-08-03,Moda,39424
768,174,2026-01-11,Electrónica,22922
769,174,2025-11-23,Hogar,13252
770,174,2025-07-07,Belleza,60337
771,174,2025-11-28,Alimentos,14259
772,174,2025-09-08,Belleza,14429
773,174,2025-12-14,Moda,46578
774,174,2025-04-13,Electrónica,9314
775,174,2025-06-12,Moda,4719
776,174,2025-04-17,Moda,19802
777,175,2026-01-09,Electrónica,21956
778,175,2025-09-13,Electrónica,75897
779,175,2025-10-23,Electrónica,24936
780,175,2025-06-15,Hogar,5171
781,176,2025-04-04,Juguetes,2420
782,176,2025-11-06,Moda,73273
783,176,2025-04-23,Moda,158829
784,177,2025-07-01,Deportes,23702
785,177,2025-04-03,Alimentos,29897
786,177,2025-12-30,Juguetes,12440
787,177,2025-02-01,Deportes,15979
788,177,2025-08-23,Juguetes,107326
789,177,2025-10-18,Juguetes,12877
790,177,2025-11-23,Juguetes,20757
791,177,2025-02-03,Moda,18885
792,178,2025-03-12,Deportes,6152
793,179,2025-12-12,Moda,38114
794,179,2025-08-19,Moda,40010
795,179,2025-05-06,Hogar,27697
796,179,2025-06-27,Moda,15753
797,180,2025-11-21,Moda,61873
798,180,2025-09-19,Deportes,1500
799,180,2025-09-16,Moda,13103
800,180,2025-10-15,Electrónica,26202
801,181,2025-02-12,Hogar,6303
802,181,2025-11-15,Moda,32515
803,181,2025-05-16,Juguetes,1500
804,181,2025-03-02,Hogar,51115
805,181,2025-04-13,Electrónica,37366
806,182,2025-04-12,Electrónica,15778
807,182,2025-12-02,Moda,49165
808,182,2025-12-11,Hogar,6375
809,182,2025-04-18,Moda,64306
810,182,2025-05-01,Deportes,23207
811,182,2025-05-03,Alimentos,44551
812,182,2025-08-29,Deportes,1898
813,183,2025-07-21,Electrónica,15600
814,183,2026-01-23,Moda,49533
815,183,2025-10-14,Belleza,19556
816,183,2025-07-20,Hogar,18639
817,184,2025-12-14,Alimentos,2616
818,184,2025-12-12,Moda,6323
819,184,2026-01-12,Electrónica,62498
820,184,2025-11-13,Hogar,12066
821,184,2025-01-31,Alimentos,39932
822,184,2025-05-19,Alimentos,11412
823,185,2025-02-16,Belleza,37059
824,185,2025-10-27,Hogar,13653
825,185,2025-06-24,Belleza,65768
826,186,2025-03-09,Hogar,28063
827,186,2025-09-22,Moda,12440
828,186,2025-06-03,Juguetes,16060
829,187,2025-05-21,Alimentos,12771
830,187,2025-03-31,Moda,25079
831,187,2025-02-09,Moda,8139
832,187,2025-06-18,Hogar,18595
833,187,2025-06-30,Moda,5176
834,187,2025-03-17,Electrónica,43147
835,187,2025-05-24,Belleza,11910
836,187,2025-09-18,Electrónica,1500
837,188,2025-06-12,Juguetes,140295
838,188,2025-07-12,Hogar,110777
839,188,2025-11-06,Moda,137795
840,189,2025-07-24,Hogar,16751
841,189,2025-06-15,Moda,43539
842,189,2025-03-05,Deportes,2418
843,189,2025-07-01,Deportes,1500
844,190,2025-11-29,Alimentos,22127
845,190,2025-02-02,Hogar,21596
846,190,2025-07-02,Deportes,11832
847,190,2025-10-16,Alimentos,51409
848,191,2025-04-28,Hogar,25013
849,191,2025-09-10,Belleza,4589
850,191,2025-09-15,Alimentos,16953
851,191,2025-03-28,Belleza,6226
852,192,2025-03-18,Deportes,29678
853,192,2025-07-21,Juguetes,80413
854,192,2025-09-14,Moda,30048
855,192,2025-03-19,Deportes,12336
856,192,2025-11-26,Alimentos,1791
857,192,2025-05-01,Hogar,2537
858,193,2025-06-29,Belleza,19781
859,194,2025-03-23,Moda,7860
860,194,2025-08-28,Electrónica,23876
861,195,2025-03-31,Deportes,52105
862,195,2026-01-23,Belleza,1748
863,195,2025-04-27,Deportes,2157
864,195,2026-01-03,Belleza,26113
865,195,2025-06-08,Moda,138480
866,196,2025-11-18,Alimentos,67662
867,196,2025-02-11,Deportes,23105
868,196,2025-04-23,Belleza,4231
869,197,2025-12-21,Hogar,53067
870,197,2025-03-09,Moda,8493
871,197,2025-10-29,Alimentos,74406
872,197,2025-07-13,Electrónica,46698
873,197,2025-12-28,Moda,7798
874,197,2025-12-21,Belleza,49191
875,197,2025-11-01,Juguetes,1500
876,198,2025-07-17,Belleza,1500
877,198,2025-07-14,Juguetes,10459
878,198,2025-03-22,Alimentos,8160
879,199,2025-11-29,Moda,60225
880,200,2025-04-30,Deportes,7565
881,200,2026-01-26,Belleza,12944
882,200,2025-10-14,Juguetes,16263
883,200,2025-11-26,Electrónica,4263
884,201,2025-12-14,Moda,73551
885,201,2025-06-29,Deportes,7816
886,201,2025-03-06,Juguetes,98030
887,201,2025-05-30,Deportes,49274
888,201,2025-03-23,Belleza,100620
889,201,2025-06-27,Belleza,14982
890,202,2026-01-09,Hogar,22915
891,202,2025-09-24,Deportes,19372
892,202,2025-04-03,Deportes,7896
893,202,2026-01-12,Hogar,26303
894,202,2025-12-24,Moda,101070
895,202,2025-03-30,Deportes,118678
896,202,2026-01-05,Belleza,8033
897,203,2025-02-12,Moda,12077
898,203,2025-04-27,Electrónica,73194
899,203,2025-05-31,Moda,3551
900,203,2025-07-17,Belleza,36738
901,204,2025-12-27,Deportes,7426
902,204,2025-08-30,Hogar,6860
903,204,2025-04-09,Alimentos,39648
904,204,2025-03-05,Electrónica,9000
905,204,2025-08-18,Hogar,13335
906,204,2025-03-28,Moda,13120
907,205,2025-04-20,Juguetes,3288
908,205,2026-01-07,Belleza,54561
909,205,2025-06-16,Electrónica,1500
910,205,2025-06-18,Belleza,48327
911,205,2025-07-14,Juguetes,16712
912,205,2025-04-22,Belleza,8492
913,205,2025-03-10,Alimentos,70467
914,205,2025-07-12,Belleza,25548
915,205,2025-10-04,Hogar,36172
916,205,2025-02-04,Hogar,2115
917,206,2025-02-11,Alimentos,30432
918,206,2025-05-23,Deportes,4993
919,207,2025-06-09,Moda,9041
920,207,2025-12-21,Alimentos,7449
921,207,2025-09-04,Belleza,19542
922,207,2025-11-17,Juguetes,70850
923,207,2025-07-25,Belleza,37485
924,207,2025-04-02,Electrónica,23269
925,208,2025-11-08,Juguetes,36852
926,208,2025-01-30,Alimentos,2133
927,208,2025-12-12,Electrónica,4278
928,208,2025-12-24,Hogar,33480
929,208,2025-02-07,Belleza,5066
930,208,2025-12-23,Moda,20733
931,208,2025-05-05,Electrónica,44655
932,208,2025-04-25,Hogar,27856
933,209,2025-09-30,Hogar,5414
934,209,2026-01-05,Hogar,14364
935,209,2025-10-08,Belleza,9356
936,209,2026-01-03,Juguetes,2829
937,209,2025-05-28,Juguetes,15116
938,209,2025-03-10,Electrónica,3382
939,209,2025-01-30,Moda,13983
940,209,2025-04-11,Hogar,11580
941,209,2025-04-21,Belleza,2762
942,209,2025-03-13,Alimentos,1500
943,210,2025-04-22,Moda,2746
944,210,2025-06-05,Alimentos,7733
945,210,2025-01-30,Electrónica,120235
946,211,2025-10-03,Hogar,34885
947,211,2025-08-31,Belleza,14104
948,211,2025-03-04,Moda,22228
949,211,2025-10-07,Alimentos,17827
950,211,2025-10-11,Hogar,22922
951,212,2025-12-04,Belleza,29671
952,212,2025-10-20,Hogar,40587
953,212,2025-06-26,Hogar,3725
954,212,2025-03-11,Moda,26543
955,212,2025-12-10,Alimentos,6886
956,212,2025-05-25,Deportes,1567
957,213,2025-04-24,Deportes,35086
958,213,2025-03-08,Electrónica,7284
959,213,2025-04-30,Electrónica,27702
960,213,2025-12-03,Electrónica,11746
961,213,2025-08-03,Belleza,11983
962,213,2025-02-15,Hogar,1500
963,213,2025-03-03,Hogar,35206
964,214,2025-06-19,Deportes,37021
965,214,2025-02-11,Deportes,10446
966,214,2025-05-30,Moda,55863
967,214,2026-01-05,Electrónica,38256
968,214,2025-03-01,Moda,19460
969,215,2025-11-28,Juguetes,15303
970,215,2025-09-12,Hogar,8407
971,215,2025-11-03,Juguetes,25590
972,215,2025-05-11,Electrónica,7720
973,215,2026-01-18,Alimentos,4491
974,215,2025-06-09,Alimentos,13755
975,215,2025-03-19,Electrónica,27462
976,215,2025-04-16,Moda,24384
977,216,2025-10-08,Moda,12989
978,216,2025-03-07,Belleza,1500
979,216,2025-09-18,Deportes,4552
980,216,2025-05-25,Deportes,3686
981,216,2025-07-28,Hogar,18462
982,216,2026-01-04,Electrónica,2657
983,216,2026-01-27,Juguetes,3387
984,216,2025-11-23,Deportes,19490
985,216,2025-02-21,Belleza,6943
986,217,2025-02-14,Belleza,4965
987,217,2025-09-01,Deportes,43353
988,217,2025-02-09,Moda,22681
989,217,2026-01-10,Alimentos,45855
990,218,2025-02-09,Belleza,3523
991,218,2025-11-05,Belleza,25287
992,218,2026-01-15,Alimentos,76120
993,218,2025-04-27,Moda,26776
994,218,2025-09-11,Juguetes,31718
995,219,2025-10-14,Juguetes,17894
996,219,2025-04-26,Electrónica,3485
997,219,2025-09-29,Deportes,5198
998,219,2025-04-29,Moda,77033
999,219,2025-11-18,Moda,5634
1000,220,2025-12-28,Hogar,10010
1001,220,2025-10-02,Juguetes,18981
1002,220,2025-06-20,Juguetes,33253
1003,220,2025-11-07,Moda,1500
1004,220,2025-12-07,Electrónica,1500
1005,221,2025-04-30,Deportes,78961
1006,221,2025-08-01,Electrónica,9180
1007,221,2025-08-24,Hogar,23778
1008,221,2025-11-02,Moda,3049
1009,222,2026-01-22,Belleza,11236
1010,222,2026-01-09,Moda,10417
1011,222,2025-05-25,Deportes,1719
1012,222,2025-12-30,Belleza,13390
1013,223,2025-10-30,Moda,5427
1014,223,2025-03-02,Belleza,18149
1015,223,2025-09-25,Electrónica,21613
1016,223,2025-05-02,Moda,19039
1017,223,2025-09-25,Electrónica,3929
1018,224,2025-02-22,Deportes,10389
1019,224,2025-04-04,Alimentos,27142
1020,225,2025-08-10,Deportes,6696
1021,225,2025-05-24,Deportes,100550
1022,225,2025-08-31,Hogar,2909
1023,226,2025-02-18,Alimentos,15444
1024,226,2025-09-20,Moda,3504
1025,226,2025-03-29,Hogar,10161
1026,226,2025-06-18,Alimentos,36458
1027,226,2025-06-08,Moda,32662
1028,226,2025-09-22,Moda,11348
1029,226,2025-03-31,Electrónica,22809
1030,226,2025-05-01,Electrónica,27295
1031,227,2025-04-06,Belleza,7374
1032,227,2025-04-11,Moda,21637
1033,227,2025-12-02,Alimentos,20473
1034,228,2025-03-15,Electrónica,114692
1035,228,2025-03-27,Deportes,25916
1036,228,2025-11-01,Juguetes,111431
1037,228,2025-02-04,Deportes,43393
1038,228,2025-07-20,Moda,123151
1039,228,2025-10-03,Deportes,25871
1040,229,2025-11-08,Juguetes,56749
1041,229,2025-09-17,Belleza,29388
1042,229,2026-01-15,Hogar,33382
1043,229,2025-05-21,Moda,17095
1044,229,2025-05-15,Deportes,7174
1045,230,2025-05-30,Hogar,31828
1046,230,2025-07-12,Electrónica,28343
1047,231,2025-09-18,Alimentos,3127
1048,231,2025-05-09,Hogar,33908
1049,231,2025-03-16,Hogar,2220
1050,231,2025-12-28,Deportes,6489
1051,231,2025-09-11,Electrónica,20138
1052,231,2025-01-30,Electrónica,57846
1053,232,2025-03-20,Electrónica,81251
1054,232,2025-01-31,Electrónica,16640
1055,232,2025-11-23,Moda,1500
1056,232,2025-08-12,Belleza,3403
1057,232,2025-12-12,Moda,3134
1058,232,2025-03-18,Moda,8674
1059,232,2025-07-23,Deportes,11827
1060,233,2025-11-01,Hogar,1500
1061,233,2025-12-27,Moda,2107
1062,233,2025-05-04,Moda,4484
1063,233,2025-04-07,Moda,18524
1064,233,2025-03-14,Moda,10363
1065,234,2025-02-08,Electrónica,23574
1066,234,2025-04-06,Belleza,64522
1067,235,2025-04-16,Alimentos,27876
1068,235,2025-04-07,Belleza,14588
1069,235,2025-01-29,Electrónica,49302
1070,236,2025-08-12,Juguetes,5485
1071,236,2025-04-27,Deportes,27317
1072,236,2025-04-04,Electrónica,32233
1073,237,2025-12-17,Alimentos,11413
1074,237,2025-05-21,Belleza,7786
1075,237,2025-09-27,Electrónica,26074
1076,237,2025-12-11,Alimentos,28284
1077,237,2025-11-27,Electrónica,51752
1078,238,2025-12-18,Moda,5004
1079,238,2025-03-07,Electrónica,23730
1080,238,2025-04-22,Electrónica,21793
1081,238,2025-12-22,Alimentos,27494
1082,238,2025-06-14,Deportes,38360
1083,238,2025-06-01,Hogar,104687
1084,239,2025-07-23,Belleza,5146
1085,239,2025-06-21,Belleza,15997
1086,239,2025-03-03,Alimentos,10633
1087,239,2025-07-23,Alimentos,9501
1088,239,2025-06-02,Alimentos,13727
1089,239,2025-07-04,Deportes,16712
1090,239,2025-09-06,Moda,3510
1091,240,2025-03-09,Alimentos,13081
1092,240,2025-08-30,Electrónica,25965
1093,240,2025-04-12,Electrónica,13918
1094,241,2025-06-22,Moda,4792
1095,241,2025-05-23,Hogar,21716
1096,241,2025-04-26,Deportes,1500
1097,241,2025-05-05,Alimentos,14618
1098,242,2025-07-07,Moda,56640
1099,242,2025-06-18,Deportes,66311
1100,243,2025-07-27,Moda,8972
1101,243,2025-09-27,Juguetes,24597
1102,243,2025-05-08,Electrónica,1500
1103,243,2025-03-14,Electrónica,21209
1104,243,2025-05-16,Deportes,60765
1105,243,2025-04-22,Moda,120962
1106,244,2025-03-31,Moda,5800
1107,244,2025-09-16,Hogar,7045
1108,244,2026-01-06,Electrónica,13170
1109,244,2025-09-27,Juguetes,4579
1110,244,2025-04-28,Moda,7495
1111,244,2025-04-06,Moda,8371
1112,244,2025-07-25,Belleza,5734
1113,245,2025-04-19,Juguetes,9129
1114,245,2026-01-01,Hogar,16307
1115,246,2025-06-07,Deportes,19697
1116,246,2025-05-26,Electrónica,32235
1117,246,2025-07-27,Hogar,18251
1118,247,2025-05-12,Juguetes,19558
1119,247,2025-08-02,Electrónica,18934
1120,248,2025-07-21,Hogar,6564
1121,248,2025-06-22,Belleza,14856
1122,249,2025-04-14,Juguetes,85300
1123,249,2025-10-30,Alimentos,84005
1124,249,2025-10-11,Belleza,46828
1125,250,2025-08-29,Hogar,10306
1126,250,2025-11-16,Deportes,46246
1127,251,2025-09-29,Moda,28744
1128,251,2025-09-22,Juguetes,21499
1129,251,2025-10-06,Moda,46537
1130,252,2025-09-01,Electrónica,40295
1131,252,2025-07-28,Electrónica,4599
1132,252,2025-05-19,Belleza,4700
1133,253,2025-10-10,Electrónica,18119
1134,253,2025-03-26,Deportes,37737
1135,253,2025-08-07,Belleza,72854
1136,253,2025-05-10,Juguetes,78807
1137,253,2025-12-18,Moda,2191
1138,253,2025-11-26,Hogar,16400
1139,254,2025-08-16,Alimentos,29826
1140,254,2025-09-17,Deportes,1500
1141,254,2025-07-31,Moda,30213
1142,254,2025-12-02,Alimentos,26148
1143,254,2025-08-09,Hogar,14848
1144,254,2025-05-23,Moda,24483
1145,255,2025-05-08,Electrónica,21198
1146,255,2025-10-30,Electrónica,13988
1147,255,2025-09-25,Moda,11597
1148,255,2025-07-21,Juguetes,37147
1149,255,2025-07-23,Hogar,11909
1150,255,2025-04-14,Juguetes,31986
1151,256,2025-09-08,Belleza,28661
1152,256,2025-05-29,Belleza,1500
1153,256,2025-03-12,Electrónica,39269
1154,256,2025-10-12,Belleza,79060
1155,257,2025-04-03,Electrónica,1500
1156,257,2025-09-29,Juguetes,1500
1157,257,2025-09-28,Moda,17847
1158,257,2025-06-04,Juguetes,16110
1159,258,2025-06-16,Hogar,27752
1160,258,2025-07-12,Deportes,101856
1161,259,2025-11-05,Electrónica,20697
1162,259,2025-12-24,Electrónica,41934
1163,259,2025-03-03,Deportes,47494
1164,259,2025-03-15,Hogar,16067
1165,259,2025-03-11,Juguetes,11210
1166,259,2025-07-25,Juguetes,28242
1167,260,2025-03-12,Deportes,56592
1168,260,2025-08-09,Juguetes,74613
1169,260,2026-01-01,Belleza,24519
1170,260,2025-11-17,Alimentos,8539
1171,260,2025-10-21,Electrónica,84112
1172,261,2025-09-13,Deportes,9191
1173,262,2025-02-20,Juguetes,21084
1174,262,2025-09-29,Hogar,1500
1175,262,2025-06-19,Hogar,12276
1176,262,2025-10-22,Hogar,20765
1177,263,2025-06-08,Deportes,17654
1178,263,2025-07-05,Moda,27518
1179,263,2025-12-05,Juguetes,2188
1180,263,2025-08-13,Deportes,27644
1181,263,2025-12-21,Deportes,1500
1182,263,2025-03-10,Hogar,1500
1183,264,2025-05-16,Belleza,11698
1184,264,2025-02-19,Juguetes,7501
1185,264,2025-03-15,Electrónica,53400
1186,264,2025-11-09,Hogar,41200
1187,265,2025-05-15,Hogar,26895
1188,266,2025-12-23,Alimentos,19083
1189,266,2025-02-12,Hogar,38708
1190,266,2025-04-17,Electrónica,26699
1191,266,2025-05-25,Electrónica,2592
1192,266,2025-01-30,Electrónica,16672
1193,267,2025-03-25,Moda,9367
1194,267,2025-03-19,Belleza,21686
1195,267,2025-12-23,Moda,5898
1196,267,2026-01-20,Belleza,19677
1197,268,2025-02-12,Electrónica,12508
1198,268,2025-10-29,Moda,8982
1199,268,2025-08-26,Belleza,24507
1200,268,2026-01-13,Juguetes,1500
1201,268,2025-06-15,Belleza,14027
1202,268,2025-04-04,Hogar,8540
1203,269,2025-03-27,Moda,24349
1204,269,2025-06-30,Juguetes,14106
1205,269,2025-06-01,Electrónica,2091
1206,269,2025-07-25,Belleza,63372
1207,269,2025-08-19,Hogar,10839
1208,270,2025-07-10,Electrónica,5845
1209,270,2025-02-21,Belleza,31601
1210,271,2025-10-28,Juguetes,25302
1211,271,2025-08-10,Belleza,10882
1212,272,2025-06-23,Belleza,7790
1213,272,2025-07-04,Hogar,29641
1214,272,2026-01-17,Deportes,53887
1215,272,2025-10-16,Alimentos,63977
1216,272,2025-06-07,Hogar,21746
1217,272,2025-05-20,Moda,187170
1218,272,2025-05-05,Alimentos,12984
1219,272,2025-02-01,Electrónica,92618
1220,273,2025-05-28,Alimentos,33895
1221,273,2025-07-01,Moda,25229
1222,273,2025-09-29,Belleza,18368
1223,273,2025-09-15,Deportes,44563
1224,273,2025-04-02,Juguetes,6203
1225,274,2025-08-10,Belleza,19857
1226,274,2025-05-12,Electrónica,71391
1227,274,2025-12-14,Deportes,73011
1228,275,2025-12-13,Alimentos,6166
1229,275,2025-11-11,Alimentos,18510
1230,275,2025-11-18,Alimentos,32572
1231,275,2025-06-21,Deportes,17006
1232,275,2025-06-10,Deportes,27205
1233,276,2025-07-09,Deportes,3783
1234,276,2025-10-15,Deportes,37186
1235,276,2025-07-02,Deportes,43422
1236,276,2025-12-16,Electrónica,27022
1237,277,2025-08-09,Electrónica,33171
1238,277,2025-12-03,Deportes,18240
1239,277,2025-12-31,Hogar,43171
1240,277,2025-11-29,Hogar,2421
1241,277,2025-12-19,Hogar,25553
1242,278,2025-08-07,Belleza,14692
1243,278,2025-07-13,Alimentos,1500
1244,278,2025-06-21,Deportes,1500
1245,278,2025-08-21,Alimentos,23221
1246,279,2025-11-25,Belleza,87016
1247,279,2026-01-21,Hogar,60062
1248,279,2025-05-13,Electrónica,13463
1249,280,2025-02-04,Hogar,19802
1250,280,2025-10-18,Electrónica,37341
1251,280,2025-11-15,Deportes,11352
1252,281,2025-10-07,Hogar,24175
1253,281,2025-11-11,Alimentos,72063
1254,281,2025-11-08,Deportes,86315
1255,281,2025-08-01,Moda,24500
1256,281,2025-04-17,Alimentos,13125
1257,281,2025-05-14,Alimentos,12923
1258,282,2025-02-12,Belleza,33216
1259,282,2025-09-20,Belleza,6263
1260,282,2025-08-02,Alimentos,12907
1261,282,2025-09-12,Deportes,1770
1262,282,2026-01-13,Belleza,29853
1263,282,2025-09-09,Electrónica,5741
1264,283,2025-10-25,Deportes,5772
1265,283,2025-08-07,Moda,6534
1266,283,2025-12-02,Electrónica,15592
1267,283,2025-05-03,Electrónica,30024
1268,283,2025-03-27,Electrónica,24413
1269,283,2025-02-12,Hogar,61669
1270,284,2025-12-29,Electrónica,9158
1271,284,2025-12-17,Moda,47945
1272,284,2025-02-10,Belleza,2593
1273,284,2025-03-25,Deportes,2218
1274,284,2025-06-28,Juguetes,23105
1275,285,2025-10-03,Electrónica,106085
1276,285,2025-07-24,Belleza,56115
1277,285,2025-07-17,Electrónica,15736
1278,285,2025-03-25,Hogar,12530
1279,286,2025-07-19,Moda,19512
1280,286,2026-01-18,Alimentos,37427
1281,286,2025-05-18,Alimentos,35082
1282,287,2025-04-20,Belleza,10997
1283,287,2025-10-12,Juguetes,82880
1284,287,2025-12-17,Moda,10546
1285,287,2025-12-08,Juguetes,3681
1286,287,2025-03-28,Electrónica,16110
1287,287,2025-08-18,Hogar,56504
1288,288,2025-07-19,Alimentos,46460
1289,288,2025-02-12,Alimentos,94520
1290,288,2026-01-06,Hogar,48616
1291,288,2025-11-14,Hogar,47184
1292,288,2025-03-30,Hogar,34478
1293,289,2025-07-15,Moda,77874
1294,289,2026-01-19,Hogar,96412
1295,289,2025-05-17,Deportes,51480
1296,289,2025-12-09,Electrónica,86046
1297,289,2025-04-18,Electrónica,15806
1298,289,2025-04-12,Hogar,4315
1299,289,2025-04-03,Belleza,8813
1300,289,2025-08-12,Hogar,30966
1301,290,2025-10-23,Moda,65727
1302,290,2025-03-13,Deportes,16033
1303,291,2025-07-09,Belleza,8981
1304,291,2025-06-11,Hogar,4764
1305,291,2025-12-10,Juguetes,1500
1306,291,2025-06-15,Hogar,5809
1307,291,2025-07-01,Deportes,40342
1308,291,2025-10-14,Moda,7385
1309,292,2025-04-24,Alimentos,23540
1310,292,2025-12-11,Alimentos,1500
1311,292,2025-05-11,Belleza,4608
1312,292,2025-02-12,Alimentos,40148
1313,292,2025-07-05,Electrónica,8153
1314,293,2025-12-21,Deportes,6285
1315,293,2025-07-11,Hogar,13620
1316,293,2025-07-19,Hogar,41886
1317,293,2025-07-11,Moda,2816
1318,293,2025-10-21,Juguetes,7232
1319,293,2025-06-14,Juguetes,10317
1320,294,2025-10-24,Belleza,36021
1321,294,2025-07-09,Deportes,34017
1322,294,2025-06-25,Alimentos,46303
1323,295,2025-06-07,Belleza,21994
1324,295,2025-04-12,Belleza,24653
1325,295,2025-03-12,Hogar,45466
1326,296,2025-04-20,Moda,18552
1327,296,2025-04-13,Juguetes,8435
1328,296,2025-03-17,Alimentos,22405
1329,296,2025-11-01,Electrónica,2185
1330,296,2025-10-14,Hogar,9003
1331,297,2025-07-18,Moda,20203
1332,297,2025-08-12,Hogar,3007
1333,297,2025-05-17,Belleza,33061
1334,297,2026-01-25,Electrónica,36910
1335,298,2025-12-09,Moda,6051
1336,298,2025-05-01,Juguetes,10177
1337,298,2025-04-03,Moda,15636
1338,298,2025-10-10,Electrónica,22036
1339,298,2025-10-07,Deportes,9812
1340,299,2025-07-08,Moda,20876
1341,299,2025-08-07,Alimentos,14131
1342,299,2025-11-28,Juguetes,63909
1343,299,2025-07-30,Alimentos,4529
1344,299,2025-04-04,Hogar,23314
1345,299,2025-05-07,Belleza,21023
1346,300,2025-04-05,Deportes,1500
1347,300,2025-06-08,Juguetes,14216
1348,300,2025-03-14,Moda,10667
1349,301,2025-10-29,Hogar,69471
1350,301,2026-01-12,Electrónica,4396
1351,302,2025-12-18,Belleza,26761
1352,302,2025-01-31,Belleza,53550
1353,302,2025-06-09,Electrónica,69567
1354,302,2025-10-30,Deportes,20028
1355,302,2025-03-23,Juguetes,49296
1356,302,2025-10-08,Deportes,3860
1357,302,2025-06-24,Hogar,16742
1358,302,2025-10-29,Belleza,2205
1359,303,2025-12-25,Deportes,57574
1360,303,2025-10-23,Juguetes,84694
1361,304,2025-11-06,Deportes,78699
1362,304,2025-07-11,Juguetes,6222
1363,304,2026-01-21,Electrónica,23848
1364,304,2025-11-02,Alimentos,86258
1365,304,2025-07-05,Hogar,19804
1366,304,2025-09-07,Belleza,21492
1367,305,2025-06-10,Belleza,19059
1368,306,2025-06-03,Deportes,3077
1369,306,2025-02-10,Deportes,127684
1370,306,2025-03-29,Electrónica,18091
1371,306,2025-11-06,Moda,2111
1372,307,2025-05-21,Deportes,15895
1373,308,2025-06-14,Electrónica,4965
1374,308,2025-06-26,Electrónica,17429
1375,308,2025-04-12,Alimentos,25123
1376,308,2025-12-06,Hogar,5240
1377,309,2025-09-14,Moda,28828
1378,309,2025-04-06,Hogar,34373
1379,310,2025-03-09,Deportes,11065
1380,310,2026-01-15,Moda,1500
1381,310,2025-08-09,Belleza,12777
1382,310,2025-10-24,Moda,1500
1383,311,2025-11-28,Electrónica,30209
1384,311,2026-01-08,Moda,65719
1385,311,2025-07-16,Electrónica,22750
1386,311,2025-05-30,Belleza,10183
1387,311,2025-07-19,Electrónica,12516
1388,311,2025-09-16,Hogar,11656
1389,311,2025-04-22,Moda,13724
1390,312,2025-06-05,Hogar,10451
1391,313,2025-03-03,Moda,15239
1392,313,2025-09-24,Moda,28006
1393,313,2025-11-02,Alimentos,18972
1394,313,2025-08-15,Electrónica,46201
1395,314,2025-07-27,Deportes,18305
1396,314,2025-08-14,Juguetes,16695
1397,314,2025-03-31,Electrónica,16742
1398,315,2026-01-12,Deportes,72141
1399,315,2025-07-20,Belleza,18964
1400,315,2025-08-24,Belleza,15045
1401,315,2025-11-13,Alimentos,37438
1402,315,2025-06-09,Juguetes,26264
1403,316,2025-04-11,Moda,21027
1404,316,2025-07-13,Alimentos,38103
1405,316,2025-12-28,Hogar,24723
1406,316,2026-01-01,Deportes,19897
1407,317,2025-08-28,Belleza,28646
1408,317,2025-05-30,Belleza,25860
1409,317,2025-10-06,Alimentos,70127
1410,317,2025-10-08,Electrónica,93156
1411,318,2025-03-21,Juguetes,18826
1412,318,2026-01-23,Hogar,1642
1413,318,2025-12-30,Belleza,62853
1414,319,2025-12-03,Juguetes,13412
1415,319,2025-02-03,Hogar,16429
1416,319,2025-07-31,Belleza,3666
1417,319,2025-12-02,Moda,10001
1418,319,2025-10-07,Deportes,23738
1419,319,2025-02-09,Alimentos,35833
1420,320,2025-05-20,Deportes,31043
1421,320,2025-11-08,Deportes,22682
1422,320,2025-11-02,Electrónica,18728
1423,320,2026-01-01,Hogar,57855
1424,320,2025-04-21,Electrónica,7910
1425,320,2025-12-09,Hogar,6662
1426,320,2025-10-16,Moda,4301
1427,321,2025-09-23,Moda,1500
1428,321,2025-06-16,Juguetes,18349
1429,321,2025-06-21,Electrónica,18605
1430,322,2025-04-12,Deportes,3749
1431,322,2025-10-12,Alimentos,49308
1432,323,2025-09-10,Hogar,2774
1433,323,2025-09-09,Deportes,71937
1434,324,2026-01-11,Electrónica,96918
1435,324,2025-05-04,Moda,29050
1436,324,2025-07-17,Juguetes,172720
1437,325,2025-08-08,Electrónica,18443
1438,325,2025-01-30,Hogar,25120
1439,325,2025-11-24,Belleza,26102
1440,325,2025-02-09,Hogar,5618
1441,325,2025-05-25,Juguetes,10498
1442,325,2025-11-09,Deportes,28845
1443,325,2025-05-26,Electrónica,3114
1444,325,2025-04-28,Juguetes,11122
1445,325,2025-09-18,Moda,34260
1446,326,2025-09-25,Electrónica,41173
1447,326,2025-03-30,Alimentos,5580
1448,326,2025-12-01,Moda,26933
1449,326,2026-01-24,Juguetes,3007
1450,327,2025-05-30,Hogar,26357
1451,327,2025-03-04,Electrónica,12028
1452,328,2025-07-30,Juguetes,8012
1453,328,2025-12-10,Juguetes,58834
1454,328,2025-07-16,Hogar,34374
1455,328,2025-10-29,Juguetes,8679
1456,329,2025-04-02,Moda,23417
1457,329,2025-06-19,Moda,1500
1458,329,2025-09-28,Belleza,13969
1459,329,2025-06-15,Deportes,47287
1460,329,2025-05-30,Moda,40302
1461,329,2025-05-26,Belleza,38180
1462,329,2025-09-17,Deportes,27787
1463,329,2025-07-04,Alimentos,52180
1464,330,2026-01-13,Belleza,10080
1465,330,2025-09-03,Moda,42416
1466,331,2025-09-13,Moda,87720
1467,331,2025-07-17,Alimentos,26135
1468,331,2025-02-16,Belleza,24013
1469,332,2025-02-14,Hogar,14672
1470,333,2025-08-05,Hogar,4502
1471,333,2025-06-07,Moda,75144
1472,333,2025-12-20,Belleza,49476
1473,333,2025-08-05,Alimentos,27279
1474,333,2025-05-22,Belleza,45281
1475,333,2025-05-24,Hogar,51547
1476,334,2025-02-11,Belleza,41052
1477,334,2025-08-11,Electrónica,28848
1478,335,2025-03-03,Moda,23052
1479,335,2025-02-05,Moda,23738
1480,336,2025-07-04,Moda,25028
1481,336,2025-12-26,Deportes,17856
1482,336,2025-09-13,Hogar,3287
1483,336,2025-04-24,Hogar,15745
1484,336,2025-07-01,Belleza,2891
1485,336,2025-02-21,Electrónica,11564
1486,336,2025-04-06,Moda,77091
1487,336,2026-01-05,Hogar,3478
1488,337,2025-03-20,Hogar,163932
1489,337,2025-09-20,Hogar,24809
1490,338,2025-04-05,Juguetes,1500
1491,338,2025-07-27,Moda,8550
1492,338,2025-08-15,Hogar,37428
1493,338,2026-01-02,Belleza,16569
1494,338,2025-12-16,Electrónica,18062
1495,339,2025-06-25,Belleza,25425
1496,339,2025-07-05,Hogar,23583
1497,339,2025-07-10,Alimentos,49240
1498,339,2025-12-02,Electrónica,16358
1499,340,2025-07-26,Deportes,2159
1500,340,2026-01-06,Deportes,32704
1501,340,2025-12-07,Deportes,27097
1502,340,2025-07-30,Belleza,4572
1503,340,2025-06-17,Electrónica,6413
1504,340,2025-06-03,Moda,18453
1505,341,2025-02-04,Belleza,71736
1506,342,2025-03-23,Belleza,31978
1507,342,2025-09-12,Moda,32283
1508,342,2025-04-18,Deportes,14682
1509,342,2025-12-25,Belleza,44748
1510,342,2025-03-22,Belleza,69983
1511,343,2025-09-09,Belleza,5689
1512,343,2025-04-26,Belleza,30013
1513,343,2025-02-08,Moda,17790
1514,343,2025-05-17,Deportes,11469
1515,343,2025-02-27,Moda,19608
1516,344,2026-01-25,Electrónica,9969
1517,344,2025-11-27,Belleza,22189
1518,344,2025-06-14,Deportes,28331
1519,344,2025-07-15,Electrónica,67512
1520,345,2025-12-16,Juguetes,75232
1521,345,2025-05-11,Hogar,11444
1522,345,2026-01-07,Electrónica,4276
1523,346,2025-02-01,Deportes,36922
1524,346,2025-12-02,Juguetes,4742
1525,347,2025-08-19,Moda,50512
1526,347,2025-04-03,Electrónica,38567
1527,347,2025-07-25,Deportes,34588
1528,347,2025-05-02,Electrónica,78174
1529,347,2025-05-17,Alimentos,5037
1530,347,2025-02-16,Hogar,4086
1531,347,2025-08-12,Belleza,61784
1532,348,2025-02-05,Electrónica,67136
1533,348,2025-07-24,Electrónica,29592
1534,348,2025-03-08,Moda,19097
1535,348,2025-05-06,Juguetes,17598
1536,348,2025-12-11,Alimentos,22157
1537,349,2025-06-08,Moda,23124
1538,349,2025-03-14,Moda,11923
1539,349,2025-12-13,Electrónica,63799
1540,349,2025-03-28,Deportes,29777
1541,349,2025-12-21,Moda,11902
1542,350,2025-03-17,Alimentos,38351
1543,350,2025-04-16,Moda,27411
1544,350,2025-12-04,Belleza,9724
1545,351,2025-05-08,Belleza,42783
1546,351,2025-12-17,Electrónica,10569
1547,351,2025-07-05,Moda,62654
1548,351,2025-02-25,Belleza,18290
1549,351,2025-11-14,Moda,42652
1550,351,2025-11-26,Deportes,64601
1551,351,2025-08-27,Belleza,4759
1552,351,2025-09-16,Hogar,1500
1553,352,2026-01-11,Belleza,51008
1554,352,2025-08-15,Moda,21892
1555,352,2025-10-26,Deportes,24794
1556,353,2025-12-14,Hogar,18920
1557,353,2025-10-20,Moda,37394
1558,353,2026-01-21,Electrónica,37736
1559,353,2025-03-01,Electrónica,3848
1560,354,2025-01-31,Moda,1500
1561,354,2025-09-16,Hogar,4084
1562,354,2025-03-15,Deportes,23082
1563,354,2025-08-13,Electrónica,34197
1564,354,2025-03-01,Electrónica,24864
1565,355,2025-11-26,Hogar,10945
1566,355,2025-10-17,Moda,144843
1567,355,2025-05-03,Hogar,36256
1568,355,2025-11-09,Electrónica,9549
1569,355,2025-04-03,Deportes,136500
1570,355,2025-08-26,Juguetes,51726
1571,356,2025-09-03,Juguetes,7182
1572,356,2025-08-16,Hogar,28744
1573,356,2025-04-12,Belleza,6063
1574,357,2026-01-26,Deportes,51364
1575,357,2025-04-29,Deportes,11506
1576,358,2025-04-19,Hogar,9666
1577,358,2025-04-04,Hogar,31117
1578,358,2025-01-30,Moda,29104
1579,359,2025-04-18,Hogar,25953
1580,359,2025-07-20,Juguetes,24576
1581,359,2025-08-11,Hogar,143159
1582,359,2025-09-09,Electrónica,71625
1583,359,2025-04-02,Electrónica,138199
1584,359,2025-09-07,Electrónica,8192
1585,359,2025-07-03,Moda,42643
1586,360,2025-12-24,Electrónica,12777
1587,361,2025-10-05,Deportes,3873
1588,361,2025-10-23,Hogar,24257
1589,361,2025-08-23,Deportes,31200
1590,361,2025-07-29,Alimentos,13629
1591,361,2025-05-12,Belleza,11866
1592,362,2025-08-24,Deportes,2796
1593,362,2025-12-05,Moda,31551
1594,362,2025-07-14,Juguetes,8569
1595,363,2026-01-09,Alimentos,82759
1596,363,2025-03-25,Moda,18209
1597,363,2025-04-22,Electrónica,23359
1598,363,2025-11-07,Belleza,8025
1599,363,2025-10-24,Electrónica,17597
1600,364,2026-01-18,Belleza,5621
1601,364,2025-09-17,Electrónica,1730
1602,364,2026-01-15,Electrónica,11751
1603,364,2025-02-21,Belleza,23603
1604,364,2025-12-11,Juguetes,28876
1605,364,2025-06-02,Deportes,8367
1606,365,2025-07-04,Belleza,55350
1607,365,2025-11-03,Belleza,18552
1608,365,2025-04-09,Moda,9529
1609,365,2025-12-20,Alimentos,23256
1610,365,2025-03-11,Moda,2354
1611,365,2025-05-03,Electrónica,28197
1612,365,2025-06-11,Belleza,30361
1613,365,2025-03-13,Moda,7922
1614,365,2025-09-03,Belleza,28429
1615,365,2025-10-18,Electrónica,15879
1616,365,2025-12-03,Electrónica,10583
1617,365,2025-02-25,Electrónica,1500
1618,366,2025-09-04,Deportes,4494
1619,366,2025-04-01,Belleza,12656
1620,367,2025-09-29,Moda,40601
1621,367,2025-02-14,Electrónica,24315
1622,367,2025-03-17,Moda,16031
1623,367,2025-10-08,Moda,3894
1624,367,2025-08-04,Deportes,90600
1625,367,2025-04-14,Deportes,14325
1626,367,2025-11-07,Electrónica,7183
1627,368,2026-01-20,Moda,5630
1628,368,2025-10-15,Deportes,26838
1629,369,2025-06-27,Hogar,22586
1630,369,2025-12-10,Moda,9697
1631,369,2025-09-29,Deportes,3020
1632,369,2025-02-27,Moda,7715
1633,369,2026-01-01,Electrónica,11878
1634,369,2026-01-10,Hogar,7334
1635,369,2025-08-27,Belleza,17426
1636,369,2026-01-24,Hogar,7674
1637,369,2026-01-18,Belleza,11178
1638,369,2025-11-23,Moda,9453
1639,369,2025-12-22,Moda,12807
1640,369,2025-04-08,Belleza,9318
1641,370,2025-12-15,Moda,135491
1642,370,2025-07-21,Hogar,7210
1643,370,2025-05-16,Electrónica,102445
1644,370,2025-06-14,Juguetes,7804
1645,370,2025-06-04,Moda,18380
1646,370,2025-09-20,Belleza,2216
1647,371,2025-03-10,Moda,4927
1648,371,2026-01-03,Moda,14336
1649,371,2025-12-20,Hogar,10823
1650,372,2025-03-22,Hogar,18143
1651,372,2026-01-04,Belleza,95950
1652,372,2025-11-19,Electrónica,1500
1653,373,2025-11-26,Alimentos,18972
1654,374,2026-01-16,Electrónica,88628
1655,374,2025-12-17,Moda,47727
1656,374,2025-07-03,Electrónica,24576
1657,374,2025-06-01,Belleza,90455
1658,374,2025-12-29,Hogar,40083
1659,375,2025-02-19,Deportes,15081
1660,375,2025-12-25,Alimentos,45484
1661,375,2025-05-23,Deportes,10362
1662,375,2025-04-11,Electrónica,68152
1663,375,2025-07-22,Belleza,40812
1664,376,2025-08-02,Moda,4803
1665,376,2025-12-20,Electrónica,14005
1666,376,2025-11-01,Moda,18258
1667,376,2025-03-24,Belleza,29327
1668,376,2025-09-23,Moda,2498
1669,376,2026-01-16,Juguetes,20701
1670,377,2025-05-07,Juguetes,27414
1671,377,2025-05-24,Moda,1775
1672,377,2026-01-04,Hogar,13815
1673,377,2026-01-10,Juguetes,8804
1674,377,2025-12-17,Moda,30195
1675,377,2026-01-10,Electrónica,8479
1676,377,2025-06-18,Hogar,3812
1677,378,2025-12-11,Belleza,104625
1678,378,2025-06-21,Hogar,46444
1679,378,2025-11-25,Hogar,14600
1680,378,2025-02-08,Electrónica,12537
1681,378,2025-05-09,Electrónica,2895
1682,378,2025-09-14,Alimentos,25239
1683,378,2025-08-25,Moda,1709
1684,378,2026-01-05,Juguetes,71903
1685,378,2026-01-08,Belleza,33184
1686,379,2025-07-16,Moda,19101
1687,379,2026-01-20,Belleza,5898
1688,379,2025-06-10,Alimentos,5490
1689,379,2025-09-11,Juguetes,55063
1690,380,2025-12-09,Juguetes,17364
1691,380,2025-07-17,Moda,7543
1692,380,2025-07-11,Belleza,14415
1693,380,2025-05-01,Electrónica,42693
1694,381,2025-11-17,Juguetes,27060
1695,381,2025-07-13,Moda,18970
1696,381,2025-03-26,Deportes,17219
1697,381,2025-10-22,Belleza,14910
1698,381,2025-03-30,Deportes,102744
1699,381,2025-05-09,Electrónica,5560
1700,381,2025-08-25,Juguetes,111249
1701,381,2025-03-12,Alimentos,97713
1702,381,2025-02-10,Deportes,46036
1703,382,2025-11-03,Belleza,36997
1704,382,2025-02-05,Belleza,16649
1705,382,2026-01-28,Belleza,18995
1706,382,2025-12-12,Moda,1695
1707,383,2026-01-13,Moda,10452
1708,383,2025-09-16,Belleza,6113
1709,383,2025-02-21,Alimentos,1500
1710,383,2025-06-23,Electrónica,25979
1711,383,2025-06-17,Hogar,34310
1712,383,2025-12-29,Moda,77959
1713,383,2025-07-24,Belleza,28027
1714,384,2025-09-11,Belleza,39542
1715,384,2025-08-07,Deportes,43879
1716,385,2025-10-25,Electrónica,75037
1717,385,2025-11-16,Hogar,1500
1718,386,2025-02-15,Belleza,42966
1719,386,2025-07-09,Moda,6831
1720,386,2025-08-31,Electrónica,12370
1721,386,2026-01-02,Hogar,7181
1722,386,2025-04-25,Belleza,3538
1723,386,2025-08-09,Moda,12952
1724,386,2025-09-09,Electrónica,63778
1725,387,2025-05-30,Hogar,9387
1726,387,2025-12-11,Alimentos,10563
1727,387,2025-07-18,Moda,27121
1728,387,2025-03-19,Moda,33713
1729,388,2025-08-12,Electrónica,7548
1730,388,2026-01-28,Hogar,13711
1731,388,2025-11-06,Belleza,10418
1732,388,2026-01-08,Belleza,11382
1733,388,2025-07-30,Moda,1500
1734,388,2025-09-17,Belleza,15286
1735,388,2025-12-11,Moda,16223
1736,389,2025-05-23,Belleza,12000
1737,389,2025-11-25,Electrónica,18033
1738,389,2025-09-26,Moda,6153
1739,389,2025-02-02,Belleza,9917
1740,389,2026-01-04,Alimentos,22950
1741,390,2025-10-30,Juguetes,25818
1742,390,2025-10-04,Juguetes,10813
1743,390,2025-07-27,Belleza,41773
1744,390,2025-10-31,Juguetes,27095
1745,390,2025-02-08,Hogar,53861
1746,391,2026-01-27,Moda,30900
1747,391,2025-02-16,Juguetes,12977
1748,392,2025-07-17,Deportes,46020
1749,392,2026-01-15,Belleza,1500
1750,392,2025-12-17,Moda,35873
1751,392,2025-12-22,Electrónica,30969
1752,392,2025-10-16,Hogar,13718
1753,393,2025-09-29,Belleza,23512
1754,393,2025-06-08,Electrónica,16044
1755,393,2025-10-07,Belleza,89644
1756,394,2025-05-09,Electrónica,9693
1757,394,2025-10-13,Moda,3545
1758,395,2025-10-24,Belleza,21352
1759,395,2025-10-20,Moda,22565
1760,396,2025-09-30,Belleza,12945
1761,396,2025-03-29,Electrónica,30414
1762,396,2025-10-30,Moda,64985
1763,396,2025-10-21,Deportes,39032
1764,396,2025-02-13,Belleza,15199
1765,396,2025-06-04,Electrónica,9646
1766,397,2025-11-20,Hogar,26515
1767,397,2025-03-18,Deportes,15514
1768,397,2025-11-23,Alimentos,21048
1769,397,2025-11-30,Belleza,1500
1770,397,2025-08-19,Belleza,21471
1771,398,2025-05-21,Moda,11848
1772,398,2025-11-20,Deportes,22336
1773,398,2025-04-29,Belleza,149828
1774,398,2025-12-02,Belleza,58614
1775,398,2025-04-18,Belleza,24322
1776,399,2025-12-25,Belleza,39389
1777,399,2025-08-12,Belleza,3601
1778,399,2025-06-09,Electrónica,94656
1779,399,2025-10-24,Hogar,26914
1780,400,2025-06-19,Alimentos,3515
1781,400,2025-05-22,Deportes,61250
1782,400,2025-06-05,Electrónica,17634
1783,400,2025-09-06,Moda,36996
1784,401,2025-04-21,Deportes,26709
1785,401,2025-05-06,Belleza,111025
1786,402,2025-10-01,Belleza,3947
1787,402,2025-05-06,Electrónica,12053
1788,402,2025-02-27,Moda,6276
1789,402,2025-04-05,Electrónica,18829
1790,403,2025-05-06,Belleza,27940
1791,404,2025-04-24,Electrónica,19606
1792,404,2025-04-10,Deportes,19800
1793,404,2025-10-15,Deportes,19813
1794,404,2025-05-10,Deportes,57649
1795,405,2025-11-17,Deportes,12688
1796,405,2025-09-20,Juguetes,25960
1797,405,2025-02-21,Deportes,11624
1798,405,2025-10-17,Electrónica,15298
1799,406,2025-03-27,Moda,35023
1800,406,2025-08-27,Deportes,37140
1801,406,2025-11-13,Hogar,93999
1802,406,2025-12-24,Belleza,5308
1803,406,2025-07-12,Hogar,21396
1804,406,2025-08-17,Belleza,14351
1805,406,2025-07-26,Electrónica,77729
1806,406,2026-01-13,Belleza,38487
1807,406,2025-10-23,Hogar,1500
1808,406,2026-01-27,Moda,9867
1809,406,2025-10-10,Hogar,10282
1810,406,2025-02-23,Deportes,2252
1811,406,2025-12-04,Hogar,22484
1812,407,2025-05-22,Belleza,5626
1813,407,2026-01-26,Deportes,4156
1814,407,2025-07-07,Alimentos,17184
1815,407,2025-02-26,Juguetes,31471
1816,407,2025-09-26,Deportes,29969
1817,407,2025-11-18,Belleza,11341
1818,407,2025-07-04,Hogar,2365
1819,407,2025-10-19,Deportes,8966
1820,407,2025-03-09,Moda,7524
1821,407,2025-03-25,Juguetes,8584
1822,408,2025-06-04,Electrónica,30468
1823,408,2025-06-09,Moda,54478
1824,408,2025-06-23,Deportes,25037
1825,408,2025-05-05,Moda,51929
1826,408,2025-08-14,Hogar,33446
1827,408,2025-02-09,Moda,20436
1828,409,2025-09-24,Belleza,78189
1829,409,2026-01-25,Hogar,23601
1830,409,2025-05-19,Moda,2637
1831,409,2025-06-01,Alimentos,69900
1832,410,2025-02-04,Alimentos,3591
1833,410,2025-09-06,Electrónica,62142
1834,410,2025-08-26,Moda,14632
1835,411,2025-07-07,Electrónica,13992
1836,411,2025-09-07,Alimentos,13813
1837,411,2025-04-17,Moda,1500
1838,411,2025-08-25,Moda,11961
1839,411,2025-04-17,Hogar,11070
1840,412,2025-08-26,Deportes,3642
1841,412,2025-11-07,Electrónica,9565
1842,412,2025-02-01,Belleza,2653
1843,412,2025-07-20,Moda,7137
1844,412,2025-05-16,Deportes,41633
1845,413,2025-06-27,Belleza,27085
1846,413,2025-09-19,Hogar,27504
1847,413,2025-02-08,Electrónica,38509
1848,414,2025-09-15,Moda,8837
1849,414,2025-01-31,Belleza,53972
1850,414,2025-08-24,Electrónica,6459
1851,414,2026-01-20,Belleza,29439
1852,414,2026-01-15,Moda,65092
1853,414,2025-02-07,Deportes,7214
1854,414,2025-07-20,Deportes,10689
1855,414,2025-09-09,Electrónica,53768
1856,414,2025-04-07,Hogar,26450
1857,414,2025-06-17,Juguetes,1500
1858,415,2025-06-01,Moda,14177
1859,415,2025-05-23,Deportes,8679
1860,415,2025-11-17,Alimentos,2629
1861,415,2025-12-27,Electrónica,1500
1862,415,2025-05-08,Moda,8810
1863,416,2026-01-21,Moda,138970
1864,416,2025-05-11,Electrónica,20171
1865,416,2025-12-12,Alimentos,75807
1866,416,2025-10-25,Alimentos,20727
1867,416,2025-05-15,Hogar,30438
1868,416,2025-06-15,Alimentos,10108
1869,417,2025-04-18,Electrónica,26552
1870,418,2025-06-20,Alimentos,3216
1871,418,2026-01-11,Belleza,1500
1872,418,2025-03-28,Hogar,36396
1873,418,2025-11-11,Deportes,22043
1874,418,2025-12-10,Belleza,11218
1875,418,2025-03-14,Hogar,30203
1876,419,2025-11-18,Moda,46336
1877,420,2025-07-17,Deportes,13300
1878,420,2025-08-04,Electrónica,18566
1879,421,2025-04-23,Electrónica,23794
1880,421,2026-01-12,Hogar,36400
1881,421,2025-12-21,Juguetes,17988
1882,421,2025-08-30,Moda,10139
1883,421,2025-08-09,Moda,10117
1884,421,2025-04-16,Hogar,11399
1885,422,2025-06-21,Hogar,3586
1886,422,2025-12-05,Deportes,29792
1887,422,2025-02-05,Electrónica,53674
1888,423,2025-08-14,Juguetes,20439
1889,423,2025-02-10,Moda,104564
1890,423,2025-02-01,Juguetes,61586
1891,423,2026-01-10,Moda,76347
1892,423,2025-07-28,Belleza,86471
1893,423,2025-08-27,Electrónica,62617
1894,423,2025-07-31,Belleza,50172
1895,424,2025-10-07,Hogar,73443
1896,424,2025-07-09,Electrónica,15487
1897,424,2025-08-02,Deportes,66884
1898,424,2025-11-22,Hogar,22058
1899,424,2025-10-15,Moda,60375
1900,424,2025-12-06,Belleza,123545
1901,425,2025-03-27,Belleza,1500
1902,425,2025-05-26,Deportes,7257
1903,425,2025-09-09,Alimentos,50884
1904,425,2025-09-06,Moda,59185
1905,425,2025-12-31,Electrónica,26382
1906,426,2025-10-15,Belleza,27960
1907,426,2025-02-25,Hogar,37285
1908,427,2026-01-17,Electrónica,32671
1909,427,2025-12-06,Electrónica,13471
1910,427,2025-03-26,Hogar,35489
1911,427,2025-07-23,Hogar,12056
1912,427,2026-01-17,Hogar,41922
1913,427,2025-08-03,Deportes,37243
1914,427,2025-04-30,Juguetes,76148
1915,427,2025-09-25,Alimentos,59936
1916,428,2025-09-11,Electrónica,10882
1917,428,2025-06-12,Electrónica,3167
1918,428,2025-06-24,Deportes,7411
1919,428,2025-03-05,Electrónica,26249
1920,429,2025-10-30,Moda,25683
1921,429,2025-10-20,Deportes,23299
1922,429,2025-12-03,Belleza,10527
1923,429,2025-05-31,Hogar,29288
1924,429,2025-07-18,Juguetes,81372
1925,430,2025-09-24,Deportes,9711
1926,430,2025-05-20,Belleza,30082
1927,431,2025-09-13,Hogar,9799
1928,431,2025-11-18,Juguetes,20669
1929,431,2025-07-15,Juguetes,22112
1930,431,2025-08-22,Hogar,20692
1931,431,2025-09-03,Deportes,66062
1932,432,2025-08-19,Juguetes,6792
1933,432,2025-03-01,Hogar,42513
1934,432,2025-11-11,Moda,14539
1935,433,2025-10-20,Moda,13840
1936,433,2025-07-06,Belleza,74020
1937,433,2026-01-11,Electrónica,16578
1938,434,2025-12-06,Moda,13769
1939,434,2025-07-06,Hogar,37648
1940,435,2025-07-26,Deportes,1650
1941,435,2025-06-04,Juguetes,2823
1942,435,2025-12-18,Moda,2734
1943,435,2025-03-23,Deportes,3097
1944,435,2025-08-04,Hogar,1614
1945,436,2025-12-03,Hogar,32558
1946,436,2025-10-07,Juguetes,25822
1947,436,2025-11-06,Electrónica,31360
1948,436,2025-08-16,Belleza,19169
1949,436,2025-08-10,Deportes,49067
1950,436,2025-08-23,Belleza,7628
1951,437,2025-08-13,Hogar,35816
1952,437,2025-03-03,Moda,62177
1953,437,2025-02-12,Electrónica,2723
1954,437,2025-08-03,Alimentos,53787
1955,437,2025-02-11,Juguetes,14995
1956,438,2025-04-05,Deportes,22597
1957,438,2025-04-04,Juguetes,59834
1958,438,2025-11-07,Hogar,44799
1959,438,2025-08-21,Deportes,3234
1960,439,2025-09-22,Belleza,4354
1961,439,2025-12-24,Electrónica,52956
1962,439,2026-01-01,Alimentos,2240
1963,439,2025-06-15,Belleza,17150
1964,439,2025-08-28,Alimentos,38532
1965,439,2025-04-02,Belleza,6444
1966,439,2025-05-29,Hogar,4284
1967,439,2025-12-28,Deportes,37183
1968,439,2025-03-29,Electrónica,44911
1969,440,2025-07-31,Juguetes,101061
1970,440,2025-07-06,Electrónica,106085
1971,440,2025-02-10,Belleza,50311
1972,440,2025-06-09,Hogar,7561
1973,440,2026-01-20,Electrónica,39726
1974,441,2025-11-25,Electrónica,9323
1975,441,2025-08-26,Juguetes,100088
1976,441,2026-01-15,Hogar,21388
1977,441,2025-11-28,Hogar,2767
1978,441,2025-04-15,Electrónica,24344
1979,442,2025-12-07,Hogar,16997
1980,442,2025-11-29,Alimentos,66589
1981,442,2025-07-28,Moda,33607
1982,442,2025-12-26,Hogar,14836
1983,442,2025-10-27,Electrónica,32413
1984,442,2025-02-20,Electrónica,23374
1985,443,2025-06-12,Moda,80607
1986,443,2025-02-11,Electrónica,14097
1987,444,2025-09-21,Electrónica,55853
1988,444,2025-06-18,Electrónica,21838
1989,444,2025-11-02,Hogar,12840
1990,445,2025-09-12,Juguetes,9564
1991,445,2025-11-26,Electrónica,22281
1992,446,2025-03-30,Juguetes,9325
1993,446,2025-11-22,Deportes,3787
1994,446,2025-11-15,Belleza,3571
1995,446,2025-08-12,Hogar,9837
1996,447,2025-08-25,Belleza,20762
1997,447,2025-10-06,Belleza,1500
1998,447,2025-09-20,Alimentos,58744
1999,447,2025-10-13,Belleza,27775
2000,447,2025-03-01,Electrónica,16637
2001,447,2025-07-01,Alimentos,1500
2002,448,2025-02-27,Belleza,86658
2003,448,2025-02-02,Hogar,28166
2004,448,2025-06-05,Electrónica,26742
2005,448,2025-04-02,Alimentos,32363
2006,448,2025-12-19,Electrónica,12654
2007,449,2025-02-16,Belleza,11932
2008,449,2025-08-05,Moda,19985
2009,449,2025-05-13,Juguetes,28746
2010,450,2025-10-31,Electrónica,47239
2011,450,2025-12-25,Juguetes,29220
2012,451,2025-03-12,Moda,1500
2013,451,2025-08-17,Alimentos,18216
2014,451,2025-12-09,Hogar,59458
2015,452,2025-06-02,Electrónica,2780
2016,452,2026-01-09,Hogar,94916
2017,453,2025-08-17,Electrónica,22896
2018,454,2025-05-16,Alimentos,34374
2019,454,2025-05-11,Electrónica,31389
2020,454,2025-08-16,Hogar,37870
2021,455,2025-09-15,Belleza,85970
2022,455,2025-03-28,Hogar,12204
2023,455,2025-11-22,Hogar,16954
2024,455,2026-01-01,Juguetes,11897
2025,456,2025-12-02,Moda,82442
2026,456,2025-04-11,Belleza,72768
2027,456,2025-08-10,Deportes,25108
2028,456,2026-01-15,Hogar,41884
2029,456,2025-11-28,Deportes,20313
2030,456,2026-01-18,Belleza,94780
2031,457,2025-04-06,Moda,3757
2032,457,2025-08-13,Juguetes,8164
2033,458,2026-01-04,Moda,49329
2034,458,2025-11-09,Deportes,1500
2035,458,2025-06-17,Juguetes,19087
2036,459,2025-06-26,Electrónica,20415
2037,459,2025-04-04,Moda,125910
2038,459,2026-01-19,Electrónica,9390
2039,459,2026-01-03,Juguetes,11365
2040,459,2026-01-16,Deportes,31593
2041,460,2025-09-07,Hogar,26992
2042,460,2025-05-08,Electrónica,68292
2043,460,2025-06-01,Alimentos,80722
2044,461,2025-11-13,Hogar,32180
2045,461,2025-06-03,Hogar,28633
2046,461,2025-06-03,Electrónica,17392
2047,462,2025-11-20,Deportes,26093
2048,462,2025-04-30,Hogar,31877
2049,462,2025-08-27,Belleza,1989
2050,462,2026-01-07,Juguetes,20460
2051,463,2025-09-08,Electrónica,78993
2052,463,2025-04-23,Deportes,4589
2053,463,2025-05-19,Hogar,29627
2054,464,2025-10-23,Electrónica,48684
2055,464,2025-04-27,Deportes,64291
2056,464,2025-09-08,Hogar,18018
2057,464,2025-08-14,Belleza,71734
2058,464,2025-12-28,Deportes,22206
2059,464,2025-01-30,Hogar,39978
2060,464,2025-03-28,Alimentos,48434
2061,464,2025-11-18,Deportes,30432
2062,464,2025-07-08,Electrónica,32342
2063,464,2025-04-19,Moda,24616
2064,465,2025-07-28,Alimentos,11136
2065,465,2025-11-13,Moda,32643
2066,465,2025-02-09,Moda,28573
2067,465,2025-10-22,Moda,18112
2068,466,2025-09-28,Hogar,63632
2069,466,2025-09-15,Electrónica,17427
2070,466,2025-03-09,Deportes,5405
2071,466,2025-07-30,Belleza,41822
2072,466,2025-05-11,Juguetes,60772
2073,466,2025-03-06,Electrónica,2492
2074,467,2025-02-24,Moda,83463
2075,467,2025-03-22,Electrónica,48655
2076,467,2025-03-03,Hogar,20132
2077,467,2025-02-16,Juguetes,30546
2078,467,2025-02-01,Hogar,57208
2079,468,2025-06-08,Belleza,30571
2080,468,2025-12-11,Moda,89006
2081,468,2025-12-18,Juguetes,80081
2082,468,2025-04-13,Belleza,53312
2083,468,2025-10-05,Juguetes,210903
2084,468,2025-04-10,Belleza,19404
2085,468,2025-02-21,Belleza,37215
2086,468,2025-06-07,Deportes,24260
2087,468,2025-04-25,Hogar,90989
2088,469,2025-10-19,Hogar,39931
2089,469,2025-08-23,Belleza,27821
2090,469,2025-02-10,Electrónica,41276
2091,470,2025-04-05,Alimentos,23253
2092,470,2025-11-15,Hogar,14825
2093,470,2025-02-21,Juguetes,61104
2094,470,2025-07-30,Hogar,31447
2095,470,2025-03-26,Alimentos,12652
2096,471,2025-07-22,Electrónica,34764
2097,471,2025-06-22,Moda,22390
2098,472,2025-11-30,Belleza,1500
2099,472,2025-09-27,Hogar,30310
2100,472,2025-05-10,Hogar,5892
2101,472,2025-03-27,Belleza,97400
2102,473,2025-12-27,Belleza,33877
2103,473,2025-12-31,Electrónica,4990
2104,473,2025-05-21,Deportes,34189
2105,473,2025-08-18,Hogar,13725
2106,473,2025-03-25,Hogar,25517
2107,473,2026-01-04,Deportes,29954
2108,474,2025-09-23,Electrónica,5413
2109,474,2026-01-16,Moda,49290
2110,475,2025-05-15,Hogar,2119
2111,475,2025-03-21,Belleza,22156
2112,475,2025-12-02,Deportes,28595
2113,475,2025-10-02,Hogar,3182
2114,476,2025-03-26,Alimentos,15105
2115,476,2026-01-13,Belleza,48734
2116,476,2025-02-15,Hogar,40877
2117,476,2025-03-11,Alimentos,63297
2118,476,2025-12-04,Hogar,67770
2119,476,2025-12-09,Hogar,16144
2120,476,2025-05-21,Moda,103221
2121,477,2026-01-25,Electrónica,11996
2122,477,2025-07-28,Juguetes,11659
2123,477,2026-01-04,Deportes,11157
2124,477,2025-07-19,Belleza,11791
2125,477,2025-09-23,Hogar,4805
2126,477,2025-05-16,Electrónica,22791
2127,478,2025-03-13,Moda,32503
2128,478,2025-08-03,Electrónica,16192
2129,478,2025-06-08,Alimentos,30979
2130,478,2025-06-23,Juguetes,20509
2131,478,2025-02-03,Belleza,21574
2132,478,2025-11-05,Juguetes,10480
2133,478,2025-11-02,Hogar,4633
2134,479,2025-09-12,Electrónica,21604
2135,479,2025-05-05,Moda,10984
2136,479,2025-03-19,Belleza,2959
2137,479,2025-10-19,Hogar,58696
2138,479,2025-12-19,Electrónica,78222
2139,479,2025-06-20,Juguetes,1500
2140,479,2025-06-24,Hogar,6367
2141,480,2025-09-14,Deportes,15769
2142,480,2025-11-22,Electrónica,127801
2143,480,2025-03-24,Moda,304220
2144,480,2025-03-26,Moda,68941
2145,480,2025-05-01,Belleza,34501
2146,480,2025-07-01,Juguetes,7968
2147,480,2025-10-25,Electrónica,5870
2148,480,2025-09-03,Belleza,29352
2149,481,2026-01-04,Belleza,17139
2150,482,2025-10-29,Juguetes,7276
2151,482,2025-08-17,Alimentos,9603
2152,482,2025-08-22,Belleza,3750
2153,482,2025-12-30,Hogar,43035
2154,482,2025-02-13,Moda,24925
2155,483,2025-10-23,Moda,12850
2156,483,2025-07-27,Moda,53077
2157,483,2025-08-12,Alimentos,2622
2158,484,2025-08-10,Deportes,36306
2159,484,2025-03-26,Hogar,30402
2160,484,2025-05-01,Alimentos,111501
2161,484,2025-03-18,Juguetes,131876
2162,484,2025-09-12,Hogar,4968
2163,485,2025-10-24,Alimentos,4960
2164,485,2025-08-25,Moda,9573
2165,486,2025-07-08,Moda,1500
2166,486,2025-09-28,Moda,29920
2167,486,2025-08-14,Alimentos,12100
2168,487,2025-12-04,Hogar,193015
2169,487,2025-06-29,Hogar,63409
2170,487,2025-05-13,Juguetes,45564
2171,487,2025-07-20,Belleza,133829
2172,487,2025-03-16,Electrónica,118278
2173,488,2025-01-30,Hogar,39047
2174,489,2025-03-04,Alimentos,1500
2175,489,2025-12-26,Belleza,54992
2176,489,2025-03-13,Moda,1500
2177,489,2025-09-29,Moda,7669
2178,489,2025-08-17,Moda,5959
2179,489,2025-08-31,Juguetes,9336
2180,489,2025-10-17,Deportes,7684
2181,489,2025-03-14,Belleza,3858
2182,489,2025-06-10,Electrónica,17532
2183,489,2025-02-10,Belleza,35853
2184,490,2025-02-14,Electrónica,24452
2185,490,2025-08-28,Belleza,8916
2186,490,2025-05-08,Electrónica,7523
2187,490,2025-07-29,Electrónica,1500
2188,490,2025-08-01,Hogar,57665
2189,490,2025-05-04,Hogar,55043
2190,490,2025-05-22,Moda,10770
2191,491,2025-03-02,Deportes,24599
2192,492,2025-04-22,Belleza,22965
2193,492,2025-06-15,Moda,9013
2194,492,2025-02-27,Moda,47967
2195,492,2025-12-22,Hogar,15232
2196,492,2025-04-25,Belleza,101532
2197,493,2025-09-07,Electrónica,77112
2198,493,2025-08-23,Hogar,56329
2199,493,2025-04-18,Electrónica,68108
2200,494,2025-10-21,Hogar,60782
2201,494,2025-03-12,Deportes,29995
2202,494,2025-07-30,Electrónica,8631
2203,495,2025-09-23,Electrónica,9302
2204,495,2025-10-01,Belleza,52920
2205,495,2025-08-28,Electrónica,3829
2206,495,2025-02-18,Deportes,3146
2207,496,2025-12-22,Moda,113742
2208,496,2025-07-27,Belleza,8064
2209,496,2025-03-30,Juguetes,40947
2210,496,2025-08-09,Electrónica,1500
2211,497,2025-07-06,Belleza,24495
2212,497,2025-09-23,Moda,20110
2213,497,2025-12-10,Hogar,7806
2214,498,2025-06-09,Juguetes,15782
2215,498,2025-02-27,Juguetes,8741
2216,498,2025-07-23,Hogar,18152
2217,499,2025-08-24,Moda,3813
2218,500,2025-12-12,Electrónica,6654
2219,500,2025-02-18,Deportes,1502
2220,500,2025-03-17,Alimentos,4499
2221,500,2025-03-05,Moda,25300
